timestamp,group,test,query,baseline_ms,measured_ms,ratio,result
2026-09-10T17:26:03.369758,AdvancedTest,simple select by primary key,"SELECT ID, NAME FROM USERS WHERE ID = 50",12.340,0.654,0.053,IMPROVEMENT
2026-09-10T17:26:03.3737738,AliasesTest,complex select min max avg with join and group by,"SELECT u.NAME userName, t.TRANS_DATE transDate, MIN(u.AGE) minAge, MAX(u.AGE) maxAge, AVG(u.AGE) avgAge FROM USERS u INNER JOIN TRANSACTIONS t ON u.ID = t.USER_ID GROUP BY userName, transDate ORDER BY transDate DESC",59.990,8.663,0.144,IMPROVEMENT
2026-09-10T17:26:03.4053512,GroupByTest,simple group by sum count,"SELECT NAME, SUM(AGE), COUNT(AGE) FROM USERS GROUP BY NAME",5.280,3.657,0.693,IMPROVEMENT
2026-09-10T17:26:03.4073579,GroupByTest,complex group by join string date,"SELECT USERS.NAME, PROFILES.PROFILE_DATE, SUM(USERS.BALANCE), COUNT(USERS.BALANCE) FROM USERS INNER JOIN PROFILES ON USERS.ID = PROFILES.USER_ID GROUP BY USERS.NAME, PROFILES.PROFILE_DATE ORDER BY PROFILES.PROFILE_DATE DESC",37.800,6.502,0.172,IMPROVEMENT
2026-09-10T17:26:03.4093659,InTest,simple in on btree index,"SELECT ID, NAME FROM USERS WHERE AGE IN (50, 51, 52)",9.970,0.516,0.052,IMPROVEMENT
2026-09-10T17:26:03.4113756,JoinTest,simple inner join on primary key,"SELECT USERS.ID, USERS.NAME, USER_DETAILS.INFO FROM USERS INNER JOIN USER_DETAILS ON USERS.ID = USER_DETAILS.USER_ID WHERE USERS.ID IN (50, 51, 52)",32.650,3.007,0.092,IMPROVEMENT
2026-09-10T17:26:03.4133818,LikeTest,simple like on name,"SELECT ID, NAME FROM USERS WHERE NAME LIKE '%er50' AND NAME LIKE '%User50%' AND NAME LIKE 'User50%'",35.730,1.614,0.045,IMPROVEMENT
2026-09-10T17:26:03.4151286,OrderByTest,simple order by age desc,"SELECT ID, AGE FROM USERS ORDER BY AGE DESC",4.530,1.604,0.354,IMPROVEMENT
2026-09-10T17:26:03.4191472,PerformanceTest,simple select clustered index,"SELECT NAME, AGE FROM USERS WHERE USER_CODE = 'CODE50'",11.510,0.704,0.061,IMPROVEMENT
2026-09-10T17:26:03.4211546,SubqueriesTest,complex subquery in column where group by having,"SELECT (SELECT NAME FROM USERS WHERE ID = u.ID LIMIT 1) AS user_name, COUNT(*) AS user_count FROM USERS u WHERE AGE > (SELECT AGE FROM USERS WHERE ID = 50 LIMIT 1) GROUP BY (SELECT NAME FROM USERS WHERE ID = u.ID LIMIT 1) HAVING COUNT(*) > (SELECT ID FROM USERS WHERE ID = 1 LIMIT 1) LIMIT 10",250.660,185.226,0.739,IMPROVEMENT
2026-09-10T17:27:13.1698409,AdvancedTest,simple select by primary key,"SELECT ID, NAME FROM USERS WHERE ID = 50",12.340,0.197,0.016,IMPROVEMENT
2026-09-10T17:27:13.1747517,AliasesTest,complex select min max avg with join and group by,"SELECT u.NAME userName, t.TRANS_DATE transDate, MIN(u.AGE) minAge, MAX(u.AGE) maxAge, AVG(u.AGE) avgAge FROM USERS u INNER JOIN TRANSACTIONS t ON u.ID = t.USER_ID GROUP BY userName, transDate ORDER BY transDate DESC",59.990,2.182,0.036,IMPROVEMENT
2026-09-10T17:27:13.1767606,GroupByTest,simple group by sum count,"SELECT NAME, SUM(AGE), COUNT(AGE) FROM USERS GROUP BY NAME",5.280,0.865,0.164,IMPROVEMENT
2026-09-10T17:27:13.1767606,GroupByTest,complex group by join string date,"SELECT USERS.NAME, PROFILES.PROFILE_DATE, SUM(USERS.BALANCE), COUNT(USERS.BALANCE) FROM USERS INNER JOIN PROFILES ON USERS.ID = PROFILES.USER_ID GROUP BY USERS.NAME, PROFILES.PROFILE_DATE ORDER BY PROFILES.PROFILE_DATE DESC",37.800,2.551,0.067,IMPROVEMENT
2026-09-10T17:27:13.1787684,InTest,simple in on btree index,"SELECT ID, NAME FROM USERS WHERE AGE IN (50, 51, 52)",9.970,0.190,0.019,IMPROVEMENT
2026-09-10T17:27:13.1808997,JoinTest,simple inner join on primary key,"SELECT USERS.ID, USERS.NAME, USER_DETAILS.INFO FROM USERS INNER JOIN USER_DETAILS ON USERS.ID = USER_DETAILS.USER_ID WHERE USERS.ID IN (50, 51, 52)",32.650,0.870,0.027,IMPROVEMENT
2026-09-10T17:27:13.182909,LikeTest,simple like on name,"SELECT ID, NAME FROM USERS WHERE NAME LIKE '%er50' AND NAME LIKE '%User50%' AND NAME LIKE 'User50%'",35.730,0.522,0.015,IMPROVEMENT
2026-09-10T17:27:13.182909,OrderByTest,simple order by age desc,"SELECT ID, AGE FROM USERS ORDER BY AGE DESC",4.530,1.300,0.287,IMPROVEMENT
2026-09-10T17:27:13.182909,PerformanceTest,simple select clustered index,"SELECT NAME, AGE FROM USERS WHERE USER_CODE = 'CODE50'",11.510,0.424,0.037,IMPROVEMENT
2026-09-10T17:27:13.1861556,SubqueriesTest,complex subquery in column where group by having,"SELECT (SELECT NAME FROM USERS WHERE ID = u.ID LIMIT 1) AS user_name, COUNT(*) AS user_count FROM USERS u WHERE AGE > (SELECT AGE FROM USERS WHERE ID = 50 LIMIT 1) GROUP BY (SELECT NAME FROM USERS WHERE ID = u.ID LIMIT 1) HAVING COUNT(*) > (SELECT ID FROM USERS WHERE ID = 1 LIMIT 1) LIMIT 10",250.660,58.327,0.233,IMPROVEMENT
2026-09-10T17:30:09.6481385,AdvancedTest,simple select by primary key,"SELECT ID, NAME FROM USERS WHERE ID = 50",12.340,0.268,0.022,IMPROVEMENT
2026-09-10T17:30:09.6481385,AliasesTest,complex select min max avg with join and group by,"SELECT u.NAME userName, t.TRANS_DATE transDate, MIN(u.AGE) minAge, MAX(u.AGE) maxAge, AVG(u.AGE) avgAge FROM USERS u INNER JOIN TRANSACTIONS t ON u.ID = t.USER_ID GROUP BY userName, transDate ORDER BY transDate DESC",59.990,2.472,0.041,IMPROVEMENT
2026-09-10T17:30:09.6577169,GroupByTest,simple group by sum count,"SELECT NAME, SUM(AGE), COUNT(AGE) FROM USERS GROUP BY NAME",5.280,1.553,0.294,IMPROVEMENT
2026-09-10T17:30:09.6610784,GroupByTest,complex group by join string date,"SELECT USERS.NAME, PROFILES.PROFILE_DATE, SUM(USERS.BALANCE), COUNT(USERS.BALANCE) FROM USERS INNER JOIN PROFILES ON USERS.ID = PROFILES.USER_ID GROUP BY USERS.NAME, PROFILES.PROFILE_DATE ORDER BY PROFILES.PROFILE_DATE DESC",37.800,3.580,0.095,IMPROVEMENT
2026-09-10T17:30:09.6620741,InTest,simple in on btree index,"SELECT ID, NAME FROM USERS WHERE AGE IN (50, 51, 52)",9.970,0.305,0.031,IMPROVEMENT
2026-09-10T17:30:09.6633774,JoinTest,simple inner join on primary key,"SELECT USERS.ID, USERS.NAME, USER_DETAILS.INFO FROM USERS INNER JOIN USER_DETAILS ON USERS.ID = USER_DETAILS.USER_ID WHERE USERS.ID IN (50, 51, 52)",32.650,1.170,0.036,IMPROVEMENT
2026-09-10T17:30:09.6643731,LikeTest,simple like on name,"SELECT ID, NAME FROM USERS WHERE NAME LIKE '%er50' AND NAME LIKE '%User50%' AND NAME LIKE 'User50%'",35.730,0.461,0.013,IMPROVEMENT
2026-09-10T17:30:09.6663656,OrderByTest,simple order by age desc,"SELECT ID, AGE FROM USERS ORDER BY AGE DESC",4.530,0.909,0.201,IMPROVEMENT
2026-09-10T17:30:09.6676641,PerformanceTest,simple select clustered index,"SELECT NAME, AGE FROM USERS WHERE USER_CODE = 'CODE50'",11.510,0.195,0.017,IMPROVEMENT
2026-09-10T17:30:09.6729049,SubqueriesTest,complex subquery in column where group by having,"SELECT (SELECT NAME FROM USERS WHERE ID = u.ID LIMIT 1) AS user_name, COUNT(*) AS user_count FROM USERS u WHERE AGE > (SELECT AGE FROM USERS WHERE ID = 50 LIMIT 1) GROUP BY (SELECT NAME FROM USERS WHERE ID = u.ID LIMIT 1) HAVING COUNT(*) > (SELECT ID FROM USERS WHERE ID = 1 LIMIT 1) LIMIT 10",250.660,81.167,0.324,IMPROVEMENT
2026-09-11T08:42:04.0928969,AdvancedTest,simple select by primary key,"SELECT ID, NAME FROM USERS WHERE ID = 50",12.340,0.275,0.022,IMPROVEMENT
2026-09-11T08:42:04.0966503,AliasesTest,complex select min max avg with join and group by,"SELECT u.NAME userName, t.TRANS_DATE transDate, MIN(u.AGE) minAge, MAX(u.AGE) maxAge, AVG(u.AGE) avgAge FROM USERS u INNER JOIN TRANSACTIONS t ON u.ID = t.USER_ID GROUP BY userName, transDate ORDER BY transDate DESC",59.990,3.204,0.053,IMPROVEMENT
2026-09-11T08:42:04.0986585,GroupByTest,simple group by sum count,"SELECT NAME, SUM(AGE), COUNT(AGE) FROM USERS GROUP BY NAME",5.280,0.979,0.185,IMPROVEMENT
2026-09-11T08:42:04.1006653,GroupByTest,complex group by join string date,"SELECT USERS.NAME, PROFILES.PROFILE_DATE, SUM(USERS.BALANCE), COUNT(USERS.BALANCE) FROM USERS INNER JOIN PROFILES ON USERS.ID = PROFILES.USER_ID GROUP BY USERS.NAME, PROFILES.PROFILE_DATE ORDER BY PROFILES.PROFILE_DATE DESC",37.800,3.353,0.089,IMPROVEMENT
2026-09-11T08:42:04.1046783,InTest,simple in on btree index,"SELECT ID, NAME FROM USERS WHERE AGE IN (50, 51, 52)",9.970,0.307,0.031,IMPROVEMENT
2026-09-11T08:42:04.1066848,JoinTest,simple inner join on primary key,"SELECT USERS.ID, USERS.NAME, USER_DETAILS.INFO FROM USERS INNER JOIN USER_DETAILS ON USERS.ID = USER_DETAILS.USER_ID WHERE USERS.ID IN (50, 51, 52)",32.650,1.524,0.047,IMPROVEMENT
2026-09-11T08:42:04.1086911,LikeTest,simple like on name,"SELECT ID, NAME FROM USERS WHERE NAME LIKE '%er50' AND NAME LIKE '%User50%' AND NAME LIKE 'User50%'",35.730,1.154,0.032,IMPROVEMENT
2026-09-11T08:42:04.1106975,OrderByTest,simple order by age desc,"SELECT ID, AGE FROM USERS ORDER BY AGE DESC",4.530,0.826,0.182,IMPROVEMENT
2026-09-11T08:42:04.1106975,PerformanceTest,simple select clustered index,"SELECT NAME, AGE FROM USERS WHERE USER_CODE = 'CODE50'",11.510,0.204,0.018,IMPROVEMENT
2026-09-11T08:42:04.1127038,SubqueriesTest,complex subquery in column where group by having,"SELECT (SELECT NAME FROM USERS WHERE ID = u.ID LIMIT 1) AS user_name, COUNT(*) AS user_count FROM USERS u WHERE AGE > (SELECT AGE FROM USERS WHERE ID = 50 LIMIT 1) GROUP BY (SELECT NAME FROM USERS WHERE ID = u.ID LIMIT 1) HAVING COUNT(*) > (SELECT ID FROM USERS WHERE ID = 1 LIMIT 1) LIMIT 10",250.660,62.935,0.251,IMPROVEMENT
2026-09-11T08:48:35.7592783,AdvancedTest,simple select by primary key,"SELECT ID, NAME FROM USERS WHERE ID = 50",12.340,0.208,0.017,IMPROVEMENT
2026-09-11T08:48:35.7632938,AliasesTest,complex select min max avg with join and group by,"SELECT u.NAME userName, t.TRANS_DATE transDate, MIN(u.AGE) minAge, MAX(u.AGE) maxAge, AVG(u.AGE) avgAge FROM USERS u INNER JOIN TRANSACTIONS t ON u.ID = t.USER_ID GROUP BY userName, transDate ORDER BY transDate DESC",59.990,1.763,0.029,IMPROVEMENT
2026-09-11T08:48:35.7632938,GroupByTest,simple group by sum count,"SELECT NAME, SUM(AGE), COUNT(AGE) FROM USERS GROUP BY NAME",5.280,0.814,0.154,IMPROVEMENT
2026-09-11T08:48:35.7653018,GroupByTest,complex group by join string date,"SELECT USERS.NAME, PROFILES.PROFILE_DATE, SUM(USERS.BALANCE), COUNT(USERS.BALANCE) FROM USERS INNER JOIN PROFILES ON USERS.ID = PROFILES.USER_ID GROUP BY USERS.NAME, PROFILES.PROFILE_DATE ORDER BY PROFILES.PROFILE_DATE DESC",37.800,2.648,0.070,IMPROVEMENT
2026-09-11T08:48:35.7673108,InTest,simple in on btree index,"SELECT ID, NAME FROM USERS WHERE AGE IN (50, 51, 52)",9.970,0.182,0.018,IMPROVEMENT
2026-09-11T08:48:35.7693192,JoinTest,simple inner join on primary key,"SELECT USERS.ID, USERS.NAME, USER_DETAILS.INFO FROM USERS INNER JOIN USER_DETAILS ON USERS.ID = USER_DETAILS.USER_ID WHERE USERS.ID IN (50, 51, 52)",32.650,0.939,0.029,IMPROVEMENT
2026-09-11T08:48:35.7710627,LikeTest,simple like on name,"SELECT ID, NAME FROM USERS WHERE NAME LIKE '%er50' AND NAME LIKE '%User50%' AND NAME LIKE 'User50%'",35.730,0.507,0.014,IMPROVEMENT
2026-09-11T08:48:35.7710627,OrderByTest,simple order by age desc,"SELECT ID, AGE FROM USERS ORDER BY AGE DESC",4.530,0.933,0.206,IMPROVEMENT
2026-09-11T08:48:35.7730699,PerformanceTest,simple select clustered index,"SELECT NAME, AGE FROM USERS WHERE USER_CODE = 'CODE50'",11.510,0.262,0.023,IMPROVEMENT
2026-09-11T08:48:35.7750773,SubqueriesTest,complex subquery in column where group by having,"SELECT (SELECT NAME FROM USERS WHERE ID = u.ID LIMIT 1) AS user_name, COUNT(*) AS user_count FROM USERS u WHERE AGE > (SELECT AGE FROM USERS WHERE ID = 50 LIMIT 1) GROUP BY (SELECT NAME FROM USERS WHERE ID = u.ID LIMIT 1) HAVING COUNT(*) > (SELECT ID FROM USERS WHERE ID = 1 LIMIT 1) LIMIT 10",250.660,78.225,0.312,IMPROVEMENT
2026-09-11T08:51:16.2495642,AdvancedTest,simple select by primary key,"SELECT ID, NAME FROM USERS WHERE ID = 50",12.340,0.234,0.019,IMPROVEMENT
2026-09-11T08:51:16.2495642,AliasesTest,complex select min max avg with join and group by,"SELECT u.NAME userName, t.TRANS_DATE transDate, MIN(u.AGE) minAge, MAX(u.AGE) maxAge, AVG(u.AGE) avgAge FROM USERS u INNER JOIN TRANSACTIONS t ON u.ID = t.USER_ID GROUP BY userName, transDate ORDER BY transDate DESC",59.990,1.882,0.031,IMPROVEMENT
2026-09-11T08:51:16.2534702,GroupByTest,simple group by sum count,"SELECT NAME, SUM(AGE), COUNT(AGE) FROM USERS GROUP BY NAME",5.280,0.851,0.161,IMPROVEMENT
2026-09-11T08:51:16.255896,GroupByTest,complex group by join string date,"SELECT USERS.NAME, PROFILES.PROFILE_DATE, SUM(USERS.BALANCE), COUNT(USERS.BALANCE) FROM USERS INNER JOIN PROFILES ON USERS.ID = PROFILES.USER_ID GROUP BY USERS.NAME, PROFILES.PROFILE_DATE ORDER BY PROFILES.PROFILE_DATE DESC",37.800,2.456,0.065,IMPROVEMENT
2026-09-11T08:51:16.255896,InTest,simple in on btree index,"SELECT ID, NAME FROM USERS WHERE AGE IN (50, 51, 52)",9.970,0.188,0.019,IMPROVEMENT
2026-09-11T08:51:16.2584727,JoinTest,simple inner join on primary key,"SELECT USERS.ID, USERS.NAME, USER_DETAILS.INFO FROM USERS INNER JOIN USER_DETAILS ON USERS.ID = USER_DETAILS.USER_ID WHERE USERS.ID IN (50, 51, 52)",32.650,1.231,0.038,IMPROVEMENT
2026-09-11T08:51:16.2584727,LikeTest,simple like on name,"SELECT ID, NAME FROM USERS WHERE NAME LIKE '%er50' AND NAME LIKE '%User50%' AND NAME LIKE 'User50%'",35.730,0.540,0.015,IMPROVEMENT
2026-09-11T08:51:16.2604792,OrderByTest,simple order by age desc,"SELECT ID, AGE FROM USERS ORDER BY AGE DESC",4.530,1.277,0.282,IMPROVEMENT
2026-09-11T08:51:16.2604792,PerformanceTest,simple select clustered index,"SELECT NAME, AGE FROM USERS WHERE USER_CODE = 'CODE50'",11.510,0.415,0.036,IMPROVEMENT
2026-09-11T08:51:16.2639071,SubqueriesTest,complex subquery in column where group by having,"SELECT (SELECT NAME FROM USERS WHERE ID = u.ID LIMIT 1) AS user_name, COUNT(*) AS user_count FROM USERS u WHERE AGE > (SELECT AGE FROM USERS WHERE ID = 50 LIMIT 1) GROUP BY (SELECT NAME FROM USERS WHERE ID = u.ID LIMIT 1) HAVING COUNT(*) > (SELECT ID FROM USERS WHERE ID = 1 LIMIT 1) LIMIT 10",250.660,55.048,0.220,IMPROVEMENT
2026-09-11T08:57:01.0354795,AdvancedTest,simple select by primary key,"SELECT ID, NAME FROM USERS WHERE ID = 50",12.340,0.274,0.022,IMPROVEMENT
2026-09-11T08:57:01.037486,AliasesTest,complex select min max avg with join and group by,"SELECT u.NAME userName, t.TRANS_DATE transDate, MIN(u.AGE) minAge, MAX(u.AGE) maxAge, AVG(u.AGE) avgAge FROM USERS u INNER JOIN TRANSACTIONS t ON u.ID = t.USER_ID GROUP BY userName, transDate ORDER BY transDate DESC",59.990,2.627,0.044,IMPROVEMENT
2026-09-11T08:57:01.0394929,GroupByTest,simple group by sum count,"SELECT NAME, SUM(AGE), COUNT(AGE) FROM USERS GROUP BY NAME",5.280,1.325,0.251,IMPROVEMENT
2026-09-11T08:57:01.0415008,GroupByTest,complex group by join string date,"SELECT USERS.NAME, PROFILES.PROFILE_DATE, SUM(USERS.BALANCE), COUNT(USERS.BALANCE) FROM USERS INNER JOIN PROFILES ON USERS.ID = PROFILES.USER_ID GROUP BY USERS.NAME, PROFILES.PROFILE_DATE ORDER BY PROFILES.PROFILE_DATE DESC",37.800,3.242,0.086,IMPROVEMENT
2026-09-11T08:57:01.0435076,InTest,simple in on btree index,"SELECT ID, NAME FROM USERS WHERE AGE IN (50, 51, 52)",9.970,0.368,0.037,IMPROVEMENT
2026-09-11T08:57:01.0455145,JoinTest,simple inner join on primary key,"SELECT USERS.ID, USERS.NAME, USER_DETAILS.INFO FROM USERS INNER JOIN USER_DETAILS ON USERS.ID = USER_DETAILS.USER_ID WHERE USERS.ID IN (50, 51, 52)",32.650,1.355,0.042,IMPROVEMENT
2026-09-11T08:57:01.0472573,LikeTest,simple like on name,"SELECT ID, NAME FROM USERS WHERE NAME LIKE '%er50' AND NAME LIKE '%User50%' AND NAME LIKE 'User50%'",35.730,1.067,0.030,IMPROVEMENT
2026-09-11T08:57:01.0492644,OrderByTest,simple order by age desc,"SELECT ID, AGE FROM USERS ORDER BY AGE DESC",4.530,0.822,0.181,IMPROVEMENT
2026-09-11T08:57:01.0512716,PerformanceTest,simple select clustered index,"SELECT NAME, AGE FROM USERS WHERE USER_CODE = 'CODE50'",11.510,0.255,0.022,IMPROVEMENT
2026-09-11T08:57:01.0532798,SubqueriesTest,complex subquery in column where group by having,"SELECT (SELECT NAME FROM USERS WHERE ID = u.ID LIMIT 1) AS user_name, COUNT(*) AS user_count FROM USERS u WHERE AGE > (SELECT AGE FROM USERS WHERE ID = 50 LIMIT 1) GROUP BY (SELECT NAME FROM USERS WHERE ID = u.ID LIMIT 1) HAVING COUNT(*) > (SELECT ID FROM USERS WHERE ID = 1 LIMIT 1) LIMIT 10",250.660,84.751,0.338,IMPROVEMENT
2026-09-11T08:58:16.4163804,AdvancedTest,simple select by primary key,"SELECT ID, NAME FROM USERS WHERE ID = 50",12.340,0.344,0.028,IMPROVEMENT
2026-09-11T08:58:16.4183864,AliasesTest,complex select min max avg with join and group by,"SELECT u.NAME userName, t.TRANS_DATE transDate, MIN(u.AGE) minAge, MAX(u.AGE) maxAge, AVG(u.AGE) avgAge FROM USERS u INNER JOIN TRANSACTIONS t ON u.ID = t.USER_ID GROUP BY userName, transDate ORDER BY transDate DESC",59.990,2.663,0.044,IMPROVEMENT
2026-09-11T08:58:16.4201311,GroupByTest,simple group by sum count,"SELECT NAME, SUM(AGE), COUNT(AGE) FROM USERS GROUP BY NAME",5.280,1.324,0.251,IMPROVEMENT
2026-09-11T08:58:16.4221422,GroupByTest,complex group by join string date,"SELECT USERS.NAME, PROFILES.PROFILE_DATE, SUM(USERS.BALANCE), COUNT(USERS.BALANCE) FROM USERS INNER JOIN PROFILES ON USERS.ID = PROFILES.USER_ID GROUP BY USERS.NAME, PROFILES.PROFILE_DATE ORDER BY PROFILES.PROFILE_DATE DESC",37.800,5.716,0.151,IMPROVEMENT
2026-09-11T08:58:16.4261675,InTest,simple in on btree index,"SELECT ID, NAME FROM USERS WHERE AGE IN (50, 51, 52)",9.970,0.242,0.024,IMPROVEMENT
2026-09-11T08:58:16.4281763,JoinTest,simple inner join on primary key,"SELECT USERS.ID, USERS.NAME, USER_DETAILS.INFO FROM USERS INNER JOIN USER_DETAILS ON USERS.ID = USER_DETAILS.USER_ID WHERE USERS.ID IN (50, 51, 52)",32.650,1.473,0.045,IMPROVEMENT
2026-09-11T08:58:16.4281763,LikeTest,simple like on name,"SELECT ID, NAME FROM USERS WHERE NAME LIKE '%er50' AND NAME LIKE '%User50%' AND NAME LIKE 'User50%'",35.730,0.671,0.019,IMPROVEMENT
2026-09-11T08:58:16.4301862,OrderByTest,simple order by age desc,"SELECT ID, AGE FROM USERS ORDER BY AGE DESC",4.530,0.842,0.186,IMPROVEMENT
2026-09-11T08:58:16.4321954,PerformanceTest,simple select clustered index,"SELECT NAME, AGE FROM USERS WHERE USER_CODE = 'CODE50'",11.510,0.244,0.021,IMPROVEMENT
2026-09-11T08:58:16.4359472,SubqueriesTest,complex subquery in column where group by having,"SELECT (SELECT NAME FROM USERS WHERE ID = u.ID LIMIT 1) AS user_name, COUNT(*) AS user_count FROM USERS u WHERE AGE > (SELECT AGE FROM USERS WHERE ID = 50 LIMIT 1) GROUP BY (SELECT NAME FROM USERS WHERE ID = u.ID LIMIT 1) HAVING COUNT(*) > (SELECT ID FROM USERS WHERE ID = 1 LIMIT 1) LIMIT 10",250.660,63.759,0.254,IMPROVEMENT
2026-09-11T09:01:15.6498418,AdvancedTest,simple select by primary key,"SELECT ID, NAME FROM USERS WHERE ID = 50",12.340,0.191,0.015,IMPROVEMENT
2026-09-11T09:01:15.6533401,AliasesTest,complex select min max avg with join and group by,"SELECT u.NAME userName, t.TRANS_DATE transDate, MIN(u.AGE) minAge, MAX(u.AGE) maxAge, AVG(u.AGE) avgAge FROM USERS u INNER JOIN TRANSACTIONS t ON u.ID = t.USER_ID GROUP BY userName, transDate ORDER BY transDate DESC",59.990,9.557,0.159,IMPROVEMENT
2026-09-11T09:01:15.6559394,GroupByTest,simple group by sum count,"SELECT NAME, SUM(AGE), COUNT(AGE) FROM USERS GROUP BY NAME",5.280,1.766,0.335,IMPROVEMENT
2026-09-11T09:01:15.6583469,GroupByTest,complex group by join string date,"SELECT USERS.NAME, PROFILES.PROFILE_DATE, SUM(USERS.BALANCE), COUNT(USERS.BALANCE) FROM USERS INNER JOIN PROFILES ON USERS.ID = PROFILES.USER_ID GROUP BY USERS.NAME, PROFILES.PROFILE_DATE ORDER BY PROFILES.PROFILE_DATE DESC",37.800,12.297,0.325,IMPROVEMENT
2026-09-11T09:01:15.6596452,InTest,simple in on btree index,"SELECT ID, NAME FROM USERS WHERE AGE IN (50, 51, 52)",9.970,0.206,0.021,IMPROVEMENT
2026-09-11T09:01:15.6624066,JoinTest,simple inner join on primary key,"SELECT USERS.ID, USERS.NAME, USER_DETAILS.INFO FROM USERS INNER JOIN USER_DETAILS ON USERS.ID = USER_DETAILS.USER_ID WHERE USERS.ID IN (50, 51, 52)",32.650,1.272,0.039,IMPROVEMENT
2026-09-11T09:01:15.6664281,LikeTest,simple like on name,"SELECT ID, NAME FROM USERS WHERE NAME LIKE '%er50' AND NAME LIKE '%User50%' AND NAME LIKE 'User50%'",35.730,0.664,0.019,IMPROVEMENT
2026-09-11T09:01:15.6704503,OrderByTest,simple order by age desc,"SELECT ID, AGE FROM USERS ORDER BY AGE DESC",4.530,0.584,0.129,IMPROVEMENT
2026-09-11T09:01:15.6724615,PerformanceTest,simple select clustered index,"SELECT NAME, AGE FROM USERS WHERE USER_CODE = 'CODE50'",11.510,0.206,0.018,IMPROVEMENT
2026-09-11T09:01:15.6724615,SubqueriesTest,complex subquery in column where group by having,"SELECT (SELECT NAME FROM USERS WHERE ID = u.ID LIMIT 1) AS user_name, COUNT(*) AS user_count FROM USERS u WHERE AGE > (SELECT AGE FROM USERS WHERE ID = 50 LIMIT 1) GROUP BY (SELECT NAME FROM USERS WHERE ID = u.ID LIMIT 1) HAVING COUNT(*) > (SELECT ID FROM USERS WHERE ID = 1 LIMIT 1) LIMIT 10",250.660,82.611,0.330,IMPROVEMENT
2026-09-11T09:02:59.4852927,AdvancedTest,simple select by primary key,"SELECT ID, NAME FROM USERS WHERE ID = 50",12.340,0.379,0.031,IMPROVEMENT
2026-09-11T09:02:59.4872985,AliasesTest,complex select min max avg with join and group by,"SELECT u.NAME userName, t.TRANS_DATE transDate, MIN(u.AGE) minAge, MAX(u.AGE) maxAge, AVG(u.AGE) avgAge FROM USERS u INNER JOIN TRANSACTIONS t ON u.ID = t.USER_ID GROUP BY userName, transDate ORDER BY transDate DESC",59.990,3.585,0.060,IMPROVEMENT
2026-09-11T09:02:59.4910119,GroupByTest,simple group by sum count,"SELECT NAME, SUM(AGE), COUNT(AGE) FROM USERS GROUP BY NAME",5.280,2.421,0.458,IMPROVEMENT
2026-09-11T09:02:59.4938479,GroupByTest,complex group by join string date,"SELECT USERS.NAME, PROFILES.PROFILE_DATE, SUM(USERS.BALANCE), COUNT(USERS.BALANCE) FROM USERS INNER JOIN PROFILES ON USERS.ID = PROFILES.USER_ID GROUP BY USERS.NAME, PROFILES.PROFILE_DATE ORDER BY PROFILES.PROFILE_DATE DESC",37.800,18.449,0.488,IMPROVEMENT
2026-09-11T09:02:59.4948453,InTest,simple in on btree index,"SELECT ID, NAME FROM USERS WHERE AGE IN (50, 51, 52)",9.970,0.524,0.053,IMPROVEMENT
2026-09-11T09:02:59.4968378,JoinTest,simple inner join on primary key,"SELECT USERS.ID, USERS.NAME, USER_DETAILS.INFO FROM USERS INNER JOIN USER_DETAILS ON USERS.ID = USER_DETAILS.USER_ID WHERE USERS.ID IN (50, 51, 52)",32.650,1.392,0.043,IMPROVEMENT
2026-09-11T09:02:59.4978333,LikeTest,simple like on name,"SELECT ID, NAME FROM USERS WHERE NAME LIKE '%er50' AND NAME LIKE '%User50%' AND NAME LIKE 'User50%'",35.730,2.586,0.072,IMPROVEMENT
2026-09-11T09:02:59.4998266,OrderByTest,simple order by age desc,"SELECT ID, AGE FROM USERS ORDER BY AGE DESC",4.530,0.753,0.166,IMPROVEMENT
2026-09-11T09:02:59.500825,PerformanceTest,simple select clustered index,"SELECT NAME, AGE FROM USERS WHERE USER_CODE = 'CODE50'",11.510,0.351,0.031,IMPROVEMENT
2026-09-11T09:02:59.5028178,SubqueriesTest,complex subquery in column where group by having,"SELECT (SELECT NAME FROM USERS WHERE ID = u.ID LIMIT 1) AS user_name, COUNT(*) AS user_count FROM USERS u WHERE AGE > (SELECT AGE FROM USERS WHERE ID = 50 LIMIT 1) GROUP BY (SELECT NAME FROM USERS WHERE ID = u.ID LIMIT 1) HAVING COUNT(*) > (SELECT ID FROM USERS WHERE ID = 1 LIMIT 1) LIMIT 10",250.660,87.814,0.350,IMPROVEMENT
2026-09-11T11:41:25.1366718,AdvancedTest,simple select by primary key,"SELECT ID, NAME FROM USERS WHERE ID = 50",12.340,0.354,0.029,IMPROVEMENT
2026-09-11T11:41:25.1386825,AliasesTest,complex select min max avg with join and group by,"SELECT u.NAME userName, t.TRANS_DATE transDate, MIN(u.AGE) minAge, MAX(u.AGE) maxAge, AVG(u.AGE) avgAge FROM USERS u INNER JOIN TRANSACTIONS t ON u.ID = t.USER_ID GROUP BY userName, transDate ORDER BY transDate DESC",59.990,3.345,0.056,IMPROVEMENT
2026-09-11T11:41:25.1406936,GroupByTest,simple group by sum count,"SELECT NAME, SUM(AGE), COUNT(AGE) FROM USERS GROUP BY NAME",5.280,1.282,0.243,IMPROVEMENT
2026-09-11T11:41:25.1427052,GroupByTest,complex group by join string date,"SELECT USERS.NAME, PROFILES.PROFILE_DATE, SUM(USERS.BALANCE), COUNT(USERS.BALANCE) FROM USERS INNER JOIN PROFILES ON USERS.ID = PROFILES.USER_ID GROUP BY USERS.NAME, PROFILES.PROFILE_DATE ORDER BY PROFILES.PROFILE_DATE DESC",37.800,3.577,0.095,IMPROVEMENT
2026-09-11T11:41:25.1447115,InTest,simple in on btree index,"SELECT ID, NAME FROM USERS WHERE AGE IN (50, 51, 52)",9.970,0.293,0.029,IMPROVEMENT
2026-09-11T11:41:25.146718,JoinTest,simple inner join on primary key,"SELECT USERS.ID, USERS.NAME, USER_DETAILS.INFO FROM USERS INNER JOIN USER_DETAILS ON USERS.ID = USER_DETAILS.USER_ID WHERE USERS.ID IN (50, 51, 52)",32.650,1.339,0.041,IMPROVEMENT
2026-09-11T11:41:25.146718,LikeTest,simple like on name,"SELECT ID, NAME FROM USERS WHERE NAME LIKE '%er50' AND NAME LIKE '%User50%' AND NAME LIKE 'User50%'",35.730,0.668,0.019,IMPROVEMENT
2026-09-11T11:41:25.1487247,OrderByTest,simple order by age desc,"SELECT ID, AGE FROM USERS ORDER BY AGE DESC",4.530,0.882,0.195,IMPROVEMENT
2026-09-11T11:41:25.1504674,PerformanceTest,simple select clustered index,"SELECT NAME, AGE FROM USERS WHERE USER_CODE = 'CODE50'",11.510,0.220,0.019,IMPROVEMENT
2026-09-11T11:41:25.1504674,SubqueriesTest,complex subquery in column where group by having,"SELECT (SELECT NAME FROM USERS WHERE ID = u.ID LIMIT 1) AS user_name, COUNT(*) AS user_count FROM USERS u WHERE AGE > (SELECT AGE FROM USERS WHERE ID = 50 LIMIT 1) GROUP BY (SELECT NAME FROM USERS WHERE ID = u.ID LIMIT 1) HAVING COUNT(*) > (SELECT ID FROM USERS WHERE ID = 1 LIMIT 1) LIMIT 10",250.660,87.728,0.350,IMPROVEMENT
2026-09-11T11:44:02.5928678,AdvancedTest,simple select by primary key,"SELECT ID, NAME FROM USERS WHERE ID = 50",12.340,0.398,0.032,IMPROVEMENT
2026-09-11T11:44:02.5962562,AliasesTest,complex select min max avg with join and group by,"SELECT u.NAME userName, t.TRANS_DATE transDate, MIN(u.AGE) minAge, MAX(u.AGE) maxAge, AVG(u.AGE) avgAge FROM USERS u INNER JOIN TRANSACTIONS t ON u.ID = t.USER_ID GROUP BY userName, transDate ORDER BY transDate DESC",59.990,2.525,0.042,IMPROVEMENT
2026-09-11T11:44:02.5982646,GroupByTest,simple group by sum count,"SELECT NAME, SUM(AGE), COUNT(AGE) FROM USERS GROUP BY NAME",5.280,1.447,0.274,IMPROVEMENT
2026-09-11T11:44:02.5982646,GroupByTest,complex group by join string date,"SELECT USERS.NAME, PROFILES.PROFILE_DATE, SUM(USERS.BALANCE), COUNT(USERS.BALANCE) FROM USERS INNER JOIN PROFILES ON USERS.ID = PROFILES.USER_ID GROUP BY USERS.NAME, PROFILES.PROFILE_DATE ORDER BY PROFILES.PROFILE_DATE DESC",37.800,3.628,0.096,IMPROVEMENT
2026-09-11T11:44:02.6002734,InTest,simple in on btree index,"SELECT ID, NAME FROM USERS WHERE AGE IN (50, 51, 52)",9.970,0.324,0.033,IMPROVEMENT
2026-09-11T11:44:02.603787,JoinTest,simple inner join on primary key,"SELECT USERS.ID, USERS.NAME, USER_DETAILS.INFO FROM USERS INNER JOIN USER_DETAILS ON USERS.ID = USER_DETAILS.USER_ID WHERE USERS.ID IN (50, 51, 52)",32.650,1.125,0.034,IMPROVEMENT
2026-09-11T11:44:02.6057978,LikeTest,simple like on name,"SELECT ID, NAME FROM USERS WHERE NAME LIKE '%er50' AND NAME LIKE '%User50%' AND NAME LIKE 'User50%'",35.730,0.497,0.014,IMPROVEMENT
2026-09-11T11:44:02.6078078,OrderByTest,simple order by age desc,"SELECT ID, AGE FROM USERS ORDER BY AGE DESC",4.530,0.759,0.168,IMPROVEMENT
2026-09-11T11:44:02.6078078,PerformanceTest,simple select clustered index,"SELECT NAME, AGE FROM USERS WHERE USER_CODE = 'CODE50'",11.510,0.278,0.024,IMPROVEMENT
2026-09-11T11:44:02.6078078,SubqueriesTest,complex subquery in column where group by having,"SELECT (SELECT NAME FROM USERS WHERE ID = u.ID LIMIT 1) AS user_name, COUNT(*) AS user_count FROM USERS u WHERE AGE > (SELECT AGE FROM USERS WHERE ID = 50 LIMIT 1) GROUP BY (SELECT NAME FROM USERS WHERE ID = u.ID LIMIT 1) HAVING COUNT(*) > (SELECT ID FROM USERS WHERE ID = 1 LIMIT 1) LIMIT 10",250.660,70.668,0.282,IMPROVEMENT
2026-09-11T11:46:35.9690127,AdvancedTest,simple select by primary key,"SELECT ID, NAME FROM USERS WHERE ID = 50",12.340,0.252,0.020,IMPROVEMENT
2026-09-11T11:46:35.9750745,AliasesTest,complex select min max avg with join and group by,"SELECT u.NAME userName, t.TRANS_DATE transDate, MIN(u.AGE) minAge, MAX(u.AGE) maxAge, AVG(u.AGE) avgAge FROM USERS u INNER JOIN TRANSACTIONS t ON u.ID = t.USER_ID GROUP BY userName, transDate ORDER BY transDate DESC",59.990,3.528,0.059,IMPROVEMENT
2026-09-11T11:46:35.977914,GroupByTest,simple group by sum count,"SELECT NAME, SUM(AGE), COUNT(AGE) FROM USERS GROUP BY NAME",5.280,1.229,0.233,IMPROVEMENT
2026-09-11T11:46:35.9799304,GroupByTest,complex group by join string date,"SELECT USERS.NAME, PROFILES.PROFILE_DATE, SUM(USERS.BALANCE), COUNT(USERS.BALANCE) FROM USERS INNER JOIN PROFILES ON USERS.ID = PROFILES.USER_ID GROUP BY USERS.NAME, PROFILES.PROFILE_DATE ORDER BY PROFILES.PROFILE_DATE DESC",37.800,3.749,0.099,IMPROVEMENT
2026-09-11T11:46:35.9835994,InTest,simple in on btree index,"SELECT ID, NAME FROM USERS WHERE AGE IN (50, 51, 52)",9.970,0.294,0.029,IMPROVEMENT
2026-09-11T11:46:35.9856105,JoinTest,simple inner join on primary key,"SELECT USERS.ID, USERS.NAME, USER_DETAILS.INFO FROM USERS INNER JOIN USER_DETAILS ON USERS.ID = USER_DETAILS.USER_ID WHERE USERS.ID IN (50, 51, 52)",32.650,3.029,0.093,IMPROVEMENT
2026-09-11T11:46:35.9884993,LikeTest,simple like on name,"SELECT ID, NAME FROM USERS WHERE NAME LIKE '%er50' AND NAME LIKE '%User50%' AND NAME LIKE 'User50%'",35.730,0.556,0.016,IMPROVEMENT
2026-09-11T11:46:35.9894955,OrderByTest,simple order by age desc,"SELECT ID, AGE FROM USERS ORDER BY AGE DESC",4.530,0.753,0.166,IMPROVEMENT
2026-09-11T11:46:35.990972,PerformanceTest,simple select clustered index,"SELECT NAME, AGE FROM USERS WHERE USER_CODE = 'CODE50'",11.510,0.247,0.021,IMPROVEMENT
2026-09-11T11:46:35.9929703,SubqueriesTest,complex subquery in column where group by having,"SELECT (SELECT NAME FROM USERS WHERE ID = u.ID LIMIT 1) AS user_name, COUNT(*) AS user_count FROM USERS u WHERE AGE > (SELECT AGE FROM USERS WHERE ID = 50 LIMIT 1) GROUP BY (SELECT NAME FROM USERS WHERE ID = u.ID LIMIT 1) HAVING COUNT(*) > (SELECT ID FROM USERS WHERE ID = 1 LIMIT 1) LIMIT 10",250.660,110.936,0.443,IMPROVEMENT
2026-09-11T11:49:53.0680383,AdvancedTest,simple select by primary key,"SELECT ID, NAME FROM USERS WHERE ID = 50",12.340,0.143,0.012,IMPROVEMENT
2026-09-11T11:49:53.0777168,AliasesTest,complex select min max avg with join and group by,"SELECT u.NAME userName, t.TRANS_DATE transDate, MIN(u.AGE) minAge, MAX(u.AGE) maxAge, AVG(u.AGE) avgAge FROM USERS u INNER JOIN TRANSACTIONS t ON u.ID = t.USER_ID GROUP BY userName, transDate ORDER BY transDate DESC",59.990,1.891,0.032,IMPROVEMENT
2026-09-11T11:49:53.0797245,GroupByTest,simple group by sum count,"SELECT NAME, SUM(AGE), COUNT(AGE) FROM USERS GROUP BY NAME",5.280,1.193,0.226,IMPROVEMENT
2026-09-11T11:49:53.0817315,GroupByTest,complex group by join string date,"SELECT USERS.NAME, PROFILES.PROFILE_DATE, SUM(USERS.BALANCE), COUNT(USERS.BALANCE) FROM USERS INNER JOIN PROFILES ON USERS.ID = PROFILES.USER_ID GROUP BY USERS.NAME, PROFILES.PROFILE_DATE ORDER BY PROFILES.PROFILE_DATE DESC",37.800,2.820,0.075,IMPROVEMENT
2026-09-11T11:49:53.0837375,InTest,simple in on btree index,"SELECT ID, NAME FROM USERS WHERE AGE IN (50, 51, 52)",9.970,0.214,0.021,IMPROVEMENT
2026-09-11T11:49:53.0857442,JoinTest,simple inner join on primary key,"SELECT USERS.ID, USERS.NAME, USER_DETAILS.INFO FROM USERS INNER JOIN USER_DETAILS ON USERS.ID = USER_DETAILS.USER_ID WHERE USERS.ID IN (50, 51, 52)",32.650,1.045,0.032,IMPROVEMENT
2026-09-11T11:49:53.095517,LikeTest,simple like on name,"SELECT ID, NAME FROM USERS WHERE NAME LIKE '%er50' AND NAME LIKE '%User50%' AND NAME LIKE 'User50%'",35.730,0.447,0.013,IMPROVEMENT
2026-09-11T11:49:53.0975235,OrderByTest,simple order by age desc,"SELECT ID, AGE FROM USERS ORDER BY AGE DESC",4.530,1.048,0.231,IMPROVEMENT
2026-09-11T11:49:53.0975235,PerformanceTest,simple select clustered index,"SELECT NAME, AGE FROM USERS WHERE USER_CODE = 'CODE50'",11.510,0.225,0.020,IMPROVEMENT
2026-09-11T11:49:53.0995287,SubqueriesTest,complex subquery in column where group by having,"SELECT (SELECT NAME FROM USERS WHERE ID = u.ID LIMIT 1) AS user_name, COUNT(*) AS user_count FROM USERS u WHERE AGE > (SELECT AGE FROM USERS WHERE ID = 50 LIMIT 1) GROUP BY (SELECT NAME FROM USERS WHERE ID = u.ID LIMIT 1) HAVING COUNT(*) > (SELECT ID FROM USERS WHERE ID = 1 LIMIT 1) LIMIT 10",250.660,117.145,0.467,IMPROVEMENT
2026-09-11T11:59:02.8580213,AdvancedTest,simple select by primary key,"SELECT ID, NAME FROM USERS WHERE ID = 50",12.340,0.181,0.015,IMPROVEMENT
2026-09-11T11:59:02.8658297,AliasesTest,complex select min max avg with join and group by,"SELECT u.NAME userName, t.TRANS_DATE transDate, MIN(u.AGE) minAge, MAX(u.AGE) maxAge, AVG(u.AGE) avgAge FROM USERS u INNER JOIN TRANSACTIONS t ON u.ID = t.USER_ID GROUP BY userName, transDate ORDER BY transDate DESC",59.990,3.109,0.052,IMPROVEMENT
2026-09-11T11:59:02.8678389,GroupByTest,simple group by sum count,"SELECT NAME, SUM(AGE), COUNT(AGE) FROM USERS GROUP BY NAME",5.280,1.386,0.262,IMPROVEMENT
2026-09-11T11:59:02.8696077,GroupByTest,complex group by join string date,"SELECT USERS.NAME, PROFILES.PROFILE_DATE, SUM(USERS.BALANCE), COUNT(USERS.BALANCE) FROM USERS INNER JOIN PROFILES ON USERS.ID = PROFILES.USER_ID GROUP BY USERS.NAME, PROFILES.PROFILE_DATE ORDER BY PROFILES.PROFILE_DATE DESC",37.800,12.573,0.333,IMPROVEMENT
2026-09-11T11:59:02.8710206,InTest,simple in on btree index,"SELECT ID, NAME FROM USERS WHERE AGE IN (50, 51, 52)",9.970,0.244,0.024,IMPROVEMENT
2026-09-11T11:59:02.8732261,JoinTest,simple inner join on primary key,"SELECT USERS.ID, USERS.NAME, USER_DETAILS.INFO FROM USERS INNER JOIN USER_DETAILS ON USERS.ID = USER_DETAILS.USER_ID WHERE USERS.ID IN (50, 51, 52)",32.650,1.607,0.049,IMPROVEMENT
2026-09-11T11:59:02.874435,LikeTest,simple like on name,"SELECT ID, NAME FROM USERS WHERE NAME LIKE '%er50' AND NAME LIKE '%User50%' AND NAME LIKE 'User50%'",35.730,0.932,0.026,IMPROVEMENT
2026-09-11T11:59:02.8764332,OrderByTest,simple order by age desc,"SELECT ID, AGE FROM USERS ORDER BY AGE DESC",4.530,0.773,0.171,IMPROVEMENT
2026-09-11T11:59:02.8774308,PerformanceTest,simple select clustered index,"SELECT NAME, AGE FROM USERS WHERE USER_CODE = 'CODE50'",11.510,0.236,0.020,IMPROVEMENT
2026-09-11T11:59:02.8831497,SubqueriesTest,complex subquery in column where group by having,"SELECT (SELECT NAME FROM USERS WHERE ID = u.ID LIMIT 1) AS user_name, COUNT(*) AS user_count FROM USERS u WHERE AGE > (SELECT AGE FROM USERS WHERE ID = 50 LIMIT 1) GROUP BY (SELECT NAME FROM USERS WHERE ID = u.ID LIMIT 1) HAVING COUNT(*) > (SELECT ID FROM USERS WHERE ID = 1 LIMIT 1) LIMIT 10",250.660,79.429,0.317,IMPROVEMENT
2026-09-11T12:49:52.5642762,AdvancedTest,simple select by primary key,"SELECT ID, NAME FROM USERS WHERE ID = 50",12.340,0.232,0.019,IMPROVEMENT
2026-09-11T12:49:52.5682897,AliasesTest,complex select min max avg with join and group by,"SELECT u.NAME userName, t.TRANS_DATE transDate, MIN(u.AGE) minAge, MAX(u.AGE) maxAge, AVG(u.AGE) avgAge FROM USERS u INNER JOIN TRANSACTIONS t ON u.ID = t.USER_ID GROUP BY userName, transDate ORDER BY transDate DESC",59.990,2.426,0.040,IMPROVEMENT
2026-09-11T12:49:52.5740807,GroupByTest,simple group by sum count,"SELECT NAME, SUM(AGE), COUNT(AGE) FROM USERS GROUP BY NAME",5.280,1.315,0.249,IMPROVEMENT
2026-09-11T12:49:52.5766321,GroupByTest,complex group by join string date,"SELECT USERS.NAME, PROFILES.PROFILE_DATE, SUM(USERS.BALANCE), COUNT(USERS.BALANCE) FROM USERS INNER JOIN PROFILES ON USERS.ID = PROFILES.USER_ID GROUP BY USERS.NAME, PROFILES.PROFILE_DATE ORDER BY PROFILES.PROFILE_DATE DESC",37.800,10.248,0.271,IMPROVEMENT
2026-09-11T12:49:52.5776358,InTest,simple in on btree index,"SELECT ID, NAME FROM USERS WHERE AGE IN (50, 51, 52)",9.970,0.252,0.025,IMPROVEMENT
2026-09-11T12:49:52.5786318,JoinTest,simple inner join on primary key,"SELECT USERS.ID, USERS.NAME, USER_DETAILS.INFO FROM USERS INNER JOIN USER_DETAILS ON USERS.ID = USER_DETAILS.USER_ID WHERE USERS.ID IN (50, 51, 52)",32.650,1.507,0.046,IMPROVEMENT
2026-09-11T12:49:52.5806258,LikeTest,simple like on name,"SELECT ID, NAME FROM USERS WHERE NAME LIKE '%er50' AND NAME LIKE '%User50%' AND NAME LIKE 'User50%'",35.730,0.618,0.017,IMPROVEMENT
2026-09-11T12:49:52.5816228,OrderByTest,simple order by age desc,"SELECT ID, AGE FROM USERS ORDER BY AGE DESC",4.530,1.146,0.253,IMPROVEMENT
2026-09-11T12:49:52.5826184,PerformanceTest,simple select clustered index,"SELECT NAME, AGE FROM USERS WHERE USER_CODE = 'CODE50'",11.510,0.219,0.019,IMPROVEMENT
2026-09-11T12:49:52.5846115,SubqueriesTest,complex subquery in column where group by having,"SELECT (SELECT NAME FROM USERS WHERE ID = u.ID LIMIT 1) AS user_name, COUNT(*) AS user_count FROM USERS u WHERE AGE > (SELECT AGE FROM USERS WHERE ID = 50 LIMIT 1) GROUP BY (SELECT NAME FROM USERS WHERE ID = u.ID LIMIT 1) HAVING COUNT(*) > (SELECT ID FROM USERS WHERE ID = 1 LIMIT 1) LIMIT 10",250.660,79.266,0.316,IMPROVEMENT
2026-09-11T12:51:34.3213829,AdvancedTest,simple select by primary key,"SELECT ID, NAME FROM USERS WHERE ID = 50",12.340,0.354,0.029,IMPROVEMENT
2026-09-11T12:51:34.3288006,AliasesTest,complex select min max avg with join and group by,"SELECT u.NAME userName, t.TRANS_DATE transDate, MIN(u.AGE) minAge, MAX(u.AGE) maxAge, AVG(u.AGE) avgAge FROM USERS u INNER JOIN TRANSACTIONS t ON u.ID = t.USER_ID GROUP BY userName, transDate ORDER BY transDate DESC",59.990,3.100,0.052,IMPROVEMENT
2026-09-11T12:51:34.3288006,GroupByTest,simple group by sum count,"SELECT NAME, SUM(AGE), COUNT(AGE) FROM USERS GROUP BY NAME",5.280,2.703,0.512,IMPROVEMENT
2026-09-11T12:51:34.3288006,GroupByTest,complex group by join string date,"SELECT USERS.NAME, PROFILES.PROFILE_DATE, SUM(USERS.BALANCE), COUNT(USERS.BALANCE) FROM USERS INNER JOIN PROFILES ON USERS.ID = PROFILES.USER_ID GROUP BY USERS.NAME, PROFILES.PROFILE_DATE ORDER BY PROFILES.PROFILE_DATE DESC",37.800,4.370,0.116,IMPROVEMENT
2026-09-11T12:51:34.3342719,InTest,simple in on btree index,"SELECT ID, NAME FROM USERS WHERE AGE IN (50, 51, 52)",9.970,0.301,0.030,IMPROVEMENT
2026-09-11T12:51:34.3342719,JoinTest,simple inner join on primary key,"SELECT USERS.ID, USERS.NAME, USER_DETAILS.INFO FROM USERS INNER JOIN USER_DETAILS ON USERS.ID = USER_DETAILS.USER_ID WHERE USERS.ID IN (50, 51, 52)",32.650,1.898,0.058,IMPROVEMENT
2026-09-11T12:51:34.3362776,LikeTest,simple like on name,"SELECT ID, NAME FROM USERS WHERE NAME LIKE '%er50' AND NAME LIKE '%User50%' AND NAME LIKE 'User50%'",35.730,0.788,0.022,IMPROVEMENT
2026-09-11T12:51:34.3372857,OrderByTest,simple order by age desc,"SELECT ID, AGE FROM USERS ORDER BY AGE DESC",4.530,1.269,0.280,IMPROVEMENT
2026-09-11T12:51:34.3372857,PerformanceTest,simple select clustered index,"SELECT NAME, AGE FROM USERS WHERE USER_CODE = 'CODE50'",11.510,0.413,0.036,IMPROVEMENT
2026-09-11T12:51:34.3372857,SubqueriesTest,complex subquery in column where group by having,"SELECT (SELECT NAME FROM USERS WHERE ID = u.ID LIMIT 1) AS user_name, COUNT(*) AS user_count FROM USERS u WHERE AGE > (SELECT AGE FROM USERS WHERE ID = 50 LIMIT 1) GROUP BY (SELECT NAME FROM USERS WHERE ID = u.ID LIMIT 1) HAVING COUNT(*) > (SELECT ID FROM USERS WHERE ID = 1 LIMIT 1) LIMIT 10",250.660,58.807,0.235,IMPROVEMENT
2026-09-11T13:14:47.6503942,AdvancedTest,simple select by primary key,"SELECT ID, NAME FROM USERS WHERE ID = 50",12.340,0.239,0.019,IMPROVEMENT
2026-09-11T13:14:47.6524022,AliasesTest,complex select min max avg with join and group by,"SELECT u.NAME userName, t.TRANS_DATE transDate, MIN(u.AGE) minAge, MAX(u.AGE) maxAge, AVG(u.AGE) avgAge FROM USERS u INNER JOIN TRANSACTIONS t ON u.ID = t.USER_ID GROUP BY userName, transDate ORDER BY transDate DESC",59.990,2.815,0.047,IMPROVEMENT
2026-09-11T13:14:47.6544109,GroupByTest,simple group by sum count,"SELECT NAME, SUM(AGE), COUNT(AGE) FROM USERS GROUP BY NAME",5.280,1.281,0.243,IMPROVEMENT
2026-09-11T13:14:47.6564173,GroupByTest,complex group by join string date,"SELECT USERS.NAME, PROFILES.PROFILE_DATE, SUM(USERS.BALANCE), COUNT(USERS.BALANCE) FROM USERS INNER JOIN PROFILES ON USERS.ID = PROFILES.USER_ID GROUP BY USERS.NAME, PROFILES.PROFILE_DATE ORDER BY PROFILES.PROFILE_DATE DESC",37.800,3.496,0.092,IMPROVEMENT
2026-09-11T13:14:47.6584244,InTest,simple in on btree index,"SELECT ID, NAME FROM USERS WHERE AGE IN (50, 51, 52)",9.970,0.255,0.026,IMPROVEMENT
2026-09-11T13:14:47.6604316,JoinTest,simple inner join on primary key,"SELECT USERS.ID, USERS.NAME, USER_DETAILS.INFO FROM USERS INNER JOIN USER_DETAILS ON USERS.ID = USER_DETAILS.USER_ID WHERE USERS.ID IN (50, 51, 52)",32.650,1.478,0.045,IMPROVEMENT
2026-09-11T13:14:47.6621769,LikeTest,simple like on name,"SELECT ID, NAME FROM USERS WHERE NAME LIKE '%er50' AND NAME LIKE '%User50%' AND NAME LIKE 'User50%'",35.730,0.725,0.020,IMPROVEMENT
2026-09-11T13:14:47.6621769,OrderByTest,simple order by age desc,"SELECT ID, AGE FROM USERS ORDER BY AGE DESC",4.530,0.871,0.192,IMPROVEMENT
2026-09-11T13:14:47.6641897,PerformanceTest,simple select clustered index,"SELECT NAME, AGE FROM USERS WHERE USER_CODE = 'CODE50'",11.510,0.215,0.019,IMPROVEMENT
2026-09-11T13:14:47.6662042,SubqueriesTest,complex subquery in column where group by having,"SELECT (SELECT NAME FROM USERS WHERE ID = u.ID LIMIT 1) AS user_name, COUNT(*) AS user_count FROM USERS u WHERE AGE > (SELECT AGE FROM USERS WHERE ID = 50 LIMIT 1) GROUP BY (SELECT NAME FROM USERS WHERE ID = u.ID LIMIT 1) HAVING COUNT(*) > (SELECT ID FROM USERS WHERE ID = 1 LIMIT 1) LIMIT 10",250.660,83.336,0.332,IMPROVEMENT
2026-09-11T13:18:26.0818962,AdvancedTest,simple select by primary key,"SELECT ID, NAME FROM USERS WHERE ID = 50",12.340,0.317,0.026,IMPROVEMENT
2026-09-11T13:18:26.0829461,AliasesTest,complex select min max avg with join and group by,"SELECT u.NAME userName, t.TRANS_DATE transDate, MIN(u.AGE) minAge, MAX(u.AGE) maxAge, AVG(u.AGE) avgAge FROM USERS u INNER JOIN TRANSACTIONS t ON u.ID = t.USER_ID GROUP BY userName, transDate ORDER BY transDate DESC",59.990,2.774,0.046,IMPROVEMENT
2026-09-11T13:18:26.0868698,GroupByTest,simple group by sum count,"SELECT NAME, SUM(AGE), COUNT(AGE) FROM USERS GROUP BY NAME",5.280,2.729,0.517,IMPROVEMENT
2026-09-11T13:18:26.0888795,GroupByTest,complex group by join string date,"SELECT USERS.NAME, PROFILES.PROFILE_DATE, SUM(USERS.BALANCE), COUNT(USERS.BALANCE) FROM USERS INNER JOIN PROFILES ON USERS.ID = PROFILES.USER_ID GROUP BY USERS.NAME, PROFILES.PROFILE_DATE ORDER BY PROFILES.PROFILE_DATE DESC",37.800,44.086,1.166,OK
2026-09-11T13:18:26.0908863,InTest,simple in on btree index,"SELECT ID, NAME FROM USERS WHERE AGE IN (50, 51, 52)",9.970,0.651,0.065,IMPROVEMENT
2026-09-11T13:18:26.0928932,JoinTest,simple inner join on primary key,"SELECT USERS.ID, USERS.NAME, USER_DETAILS.INFO FROM USERS INNER JOIN USER_DETAILS ON USERS.ID = USER_DETAILS.USER_ID WHERE USERS.ID IN (50, 51, 52)",32.650,2.904,0.089,IMPROVEMENT
2026-09-11T13:18:26.0949002,LikeTest,simple like on name,"SELECT ID, NAME FROM USERS WHERE NAME LIKE '%er50' AND NAME LIKE '%User50%' AND NAME LIKE 'User50%'",35.730,6.291,0.176,IMPROVEMENT
2026-09-11T13:18:26.0949002,OrderByTest,simple order by age desc,"SELECT ID, AGE FROM USERS ORDER BY AGE DESC",4.530,0.756,0.167,IMPROVEMENT
2026-09-11T13:18:26.0969072,PerformanceTest,simple select clustered index,"SELECT NAME, AGE FROM USERS WHERE USER_CODE = 'CODE50'",11.510,0.330,0.029,IMPROVEMENT
2026-09-11T13:18:26.1001281,SubqueriesTest,complex subquery in column where group by having,"SELECT (SELECT NAME FROM USERS WHERE ID = u.ID LIMIT 1) AS user_name, COUNT(*) AS user_count FROM USERS u WHERE AGE > (SELECT AGE FROM USERS WHERE ID = 50 LIMIT 1) GROUP BY (SELECT NAME FROM USERS WHERE ID = u.ID LIMIT 1) HAVING COUNT(*) > (SELECT ID FROM USERS WHERE ID = 1 LIMIT 1) LIMIT 10",250.660,100.920,0.403,IMPROVEMENT
2026-09-11T13:22:04.5395431,AdvancedTest,simple select by primary key,"SELECT ID, NAME FROM USERS WHERE ID = 50",12.340,0.380,0.031,IMPROVEMENT
2026-09-11T13:22:04.5451412,AliasesTest,complex select min max avg with join and group by,"SELECT u.NAME userName, t.TRANS_DATE transDate, MIN(u.AGE) minAge, MAX(u.AGE) maxAge, AVG(u.AGE) avgAge FROM USERS u INNER JOIN TRANSACTIONS t ON u.ID = t.USER_ID GROUP BY userName, transDate ORDER BY transDate DESC",59.990,2.857,0.048,IMPROVEMENT
2026-09-11T13:22:04.5471476,GroupByTest,simple group by sum count,"SELECT NAME, SUM(AGE), COUNT(AGE) FROM USERS GROUP BY NAME",5.280,1.574,0.298,IMPROVEMENT
2026-09-11T13:22:04.549153,GroupByTest,complex group by join string date,"SELECT USERS.NAME, PROFILES.PROFILE_DATE, SUM(USERS.BALANCE), COUNT(USERS.BALANCE) FROM USERS INNER JOIN PROFILES ON USERS.ID = PROFILES.USER_ID GROUP BY USERS.NAME, PROFILES.PROFILE_DATE ORDER BY PROFILES.PROFILE_DATE DESC",37.800,3.716,0.098,IMPROVEMENT
2026-09-11T13:22:04.5511592,InTest,simple in on btree index,"SELECT ID, NAME FROM USERS WHERE AGE IN (50, 51, 52)",9.970,0.406,0.041,IMPROVEMENT
2026-09-11T13:22:04.5531643,JoinTest,simple inner join on primary key,"SELECT USERS.ID, USERS.NAME, USER_DETAILS.INFO FROM USERS INNER JOIN USER_DETAILS ON USERS.ID = USER_DETAILS.USER_ID WHERE USERS.ID IN (50, 51, 52)",32.650,1.430,0.044,IMPROVEMENT
2026-09-11T13:22:04.555028,LikeTest,simple like on name,"SELECT ID, NAME FROM USERS WHERE NAME LIKE '%er50' AND NAME LIKE '%User50%' AND NAME LIKE 'User50%'",35.730,0.629,0.018,IMPROVEMENT
2026-09-11T13:22:04.5606807,OrderByTest,simple order by age desc,"SELECT ID, AGE FROM USERS ORDER BY AGE DESC",4.530,0.815,0.180,IMPROVEMENT
2026-09-11T13:22:04.5626916,PerformanceTest,simple select clustered index,"SELECT NAME, AGE FROM USERS WHERE USER_CODE = 'CODE50'",11.510,0.338,0.029,IMPROVEMENT
2026-09-11T13:22:04.5651207,SubqueriesTest,complex subquery in column where group by having,"SELECT (SELECT NAME FROM USERS WHERE ID = u.ID LIMIT 1) AS user_name, COUNT(*) AS user_count FROM USERS u WHERE AGE > (SELECT AGE FROM USERS WHERE ID = 50 LIMIT 1) GROUP BY (SELECT NAME FROM USERS WHERE ID = u.ID LIMIT 1) HAVING COUNT(*) > (SELECT ID FROM USERS WHERE ID = 1 LIMIT 1) LIMIT 10",250.660,96.363,0.384,IMPROVEMENT
2026-09-11T13:26:56.8961137,AdvancedTest,simple select by primary key,"SELECT ID, NAME FROM USERS WHERE ID = 50",12.340,0.294,0.024,IMPROVEMENT
2026-09-11T13:26:56.8981229,AliasesTest,complex select min max avg with join and group by,"SELECT u.NAME userName, t.TRANS_DATE transDate, MIN(u.AGE) minAge, MAX(u.AGE) maxAge, AVG(u.AGE) avgAge FROM USERS u INNER JOIN TRANSACTIONS t ON u.ID = t.USER_ID GROUP BY userName, transDate ORDER BY transDate DESC",59.990,2.301,0.038,IMPROVEMENT
2026-09-11T13:26:56.9021365,GroupByTest,simple group by sum count,"SELECT NAME, SUM(AGE), COUNT(AGE) FROM USERS GROUP BY NAME",5.280,1.179,0.223,IMPROVEMENT
2026-09-11T13:26:56.9041427,GroupByTest,complex group by join string date,"SELECT USERS.NAME, PROFILES.PROFILE_DATE, SUM(USERS.BALANCE), COUNT(USERS.BALANCE) FROM USERS INNER JOIN PROFILES ON USERS.ID = PROFILES.USER_ID GROUP BY USERS.NAME, PROFILES.PROFILE_DATE ORDER BY PROFILES.PROFILE_DATE DESC",37.800,3.102,0.082,IMPROVEMENT
2026-09-11T13:26:56.9058856,InTest,simple in on btree index,"SELECT ID, NAME FROM USERS WHERE AGE IN (50, 51, 52)",9.970,0.274,0.027,IMPROVEMENT
2026-09-11T13:26:56.9058856,JoinTest,simple inner join on primary key,"SELECT USERS.ID, USERS.NAME, USER_DETAILS.INFO FROM USERS INNER JOIN USER_DETAILS ON USERS.ID = USER_DETAILS.USER_ID WHERE USERS.ID IN (50, 51, 52)",32.650,1.267,0.039,IMPROVEMENT
2026-09-11T13:26:56.9078932,LikeTest,simple like on name,"SELECT ID, NAME FROM USERS WHERE NAME LIKE '%er50' AND NAME LIKE '%User50%' AND NAME LIKE 'User50%'",35.730,0.551,0.015,IMPROVEMENT
2026-09-11T13:26:56.9099004,OrderByTest,simple order by age desc,"SELECT ID, AGE FROM USERS ORDER BY AGE DESC",4.530,0.796,0.176,IMPROVEMENT
2026-09-11T13:26:56.9119096,PerformanceTest,simple select clustered index,"SELECT NAME, AGE FROM USERS WHERE USER_CODE = 'CODE50'",11.510,0.353,0.031,IMPROVEMENT
2026-09-11T13:26:56.9119096,SubqueriesTest,complex subquery in column where group by having,"SELECT (SELECT NAME FROM USERS WHERE ID = u.ID LIMIT 1) AS user_name, COUNT(*) AS user_count FROM USERS u WHERE AGE > (SELECT AGE FROM USERS WHERE ID = 50 LIMIT 1) GROUP BY (SELECT NAME FROM USERS WHERE ID = u.ID LIMIT 1) HAVING COUNT(*) > (SELECT ID FROM USERS WHERE ID = 1 LIMIT 1) LIMIT 10",250.660,70.579,0.282,IMPROVEMENT
2026-09-11T15:10:56.0429214,AdvancedTest,simple select by primary key,"SELECT ID, NAME FROM USERS WHERE ID = 50",12.340,0.294,0.024,IMPROVEMENT
2026-09-11T15:10:56.0449295,AliasesTest,complex select min max avg with join and group by,"SELECT u.NAME userName, t.TRANS_DATE transDate, MIN(u.AGE) minAge, MAX(u.AGE) maxAge, AVG(u.AGE) avgAge FROM USERS u INNER JOIN TRANSACTIONS t ON u.ID = t.USER_ID GROUP BY userName, transDate ORDER BY transDate DESC",59.990,2.743,0.046,IMPROVEMENT
2026-09-11T15:10:56.0469381,GroupByTest,simple group by sum count,"SELECT NAME, SUM(AGE), COUNT(AGE) FROM USERS GROUP BY NAME",5.280,1.200,0.227,IMPROVEMENT
2026-09-11T15:10:56.0489473,GroupByTest,complex group by join string date,"SELECT USERS.NAME, PROFILES.PROFILE_DATE, SUM(USERS.BALANCE), COUNT(USERS.BALANCE) FROM USERS INNER JOIN PROFILES ON USERS.ID = PROFILES.USER_ID GROUP BY USERS.NAME, PROFILES.PROFILE_DATE ORDER BY PROFILES.PROFILE_DATE DESC",37.800,3.164,0.084,IMPROVEMENT
2026-09-11T15:10:56.0506907,InTest,simple in on btree index,"SELECT ID, NAME FROM USERS WHERE AGE IN (50, 51, 52)",9.970,0.239,0.024,IMPROVEMENT
2026-09-11T15:10:56.0526987,JoinTest,simple inner join on primary key,"SELECT USERS.ID, USERS.NAME, USER_DETAILS.INFO FROM USERS INNER JOIN USER_DETAILS ON USERS.ID = USER_DETAILS.USER_ID WHERE USERS.ID IN (50, 51, 52)",32.650,1.346,0.041,IMPROVEMENT
2026-09-11T15:10:56.0547047,LikeTest,simple like on name,"SELECT ID, NAME FROM USERS WHERE NAME LIKE '%er50' AND NAME LIKE '%User50%' AND NAME LIKE 'User50%'",35.730,0.476,0.013,IMPROVEMENT
2026-09-11T15:10:56.0547047,OrderByTest,simple order by age desc,"SELECT ID, AGE FROM USERS ORDER BY AGE DESC",4.530,0.742,0.164,IMPROVEMENT
2026-09-11T15:10:56.0567118,PerformanceTest,simple select clustered index,"SELECT NAME, AGE FROM USERS WHERE USER_CODE = 'CODE50'",11.510,0.225,0.020,IMPROVEMENT
2026-09-11T15:10:56.0587184,SubqueriesTest,complex subquery in column where group by having,"SELECT (SELECT NAME FROM USERS WHERE ID = u.ID LIMIT 1) AS user_name, COUNT(*) AS user_count FROM USERS u WHERE AGE > (SELECT AGE FROM USERS WHERE ID = 50 LIMIT 1) GROUP BY (SELECT NAME FROM USERS WHERE ID = u.ID LIMIT 1) HAVING COUNT(*) > (SELECT ID FROM USERS WHERE ID = 1 LIMIT 1) LIMIT 10",250.660,104.853,0.418,IMPROVEMENT
2026-09-11T15:17:41.6554007,AdvancedTest,simple select by primary key,"SELECT ID, NAME FROM USERS WHERE ID = 50",12.340,0.294,0.024,IMPROVEMENT
2026-09-11T15:17:41.6574114,AliasesTest,complex select min max avg with join and group by,"SELECT u.NAME userName, t.TRANS_DATE transDate, MIN(u.AGE) minAge, MAX(u.AGE) maxAge, AVG(u.AGE) avgAge FROM USERS u INNER JOIN TRANSACTIONS t ON u.ID = t.USER_ID GROUP BY userName, transDate ORDER BY transDate DESC",59.990,3.145,0.052,IMPROVEMENT
2026-09-11T15:17:41.6594208,GroupByTest,simple group by sum count,"SELECT NAME, SUM(AGE), COUNT(AGE) FROM USERS GROUP BY NAME",5.280,1.490,0.282,IMPROVEMENT
2026-09-11T15:17:41.661166,GroupByTest,complex group by join string date,"SELECT USERS.NAME, PROFILES.PROFILE_DATE, SUM(USERS.BALANCE), COUNT(USERS.BALANCE) FROM USERS INNER JOIN PROFILES ON USERS.ID = PROFILES.USER_ID GROUP BY USERS.NAME, PROFILES.PROFILE_DATE ORDER BY PROFILES.PROFILE_DATE DESC",37.800,4.044,0.107,IMPROVEMENT
2026-09-11T15:17:41.66518,InTest,simple in on btree index,"SELECT ID, NAME FROM USERS WHERE AGE IN (50, 51, 52)",9.970,0.319,0.032,IMPROVEMENT
2026-09-11T15:17:41.6671873,JoinTest,simple inner join on primary key,"SELECT USERS.ID, USERS.NAME, USER_DETAILS.INFO FROM USERS INNER JOIN USER_DETAILS ON USERS.ID = USER_DETAILS.USER_ID WHERE USERS.ID IN (50, 51, 52)",32.650,1.624,0.050,IMPROVEMENT
2026-09-11T15:17:41.6691951,LikeTest,simple like on name,"SELECT ID, NAME FROM USERS WHERE NAME LIKE '%er50' AND NAME LIKE '%User50%' AND NAME LIKE 'User50%'",35.730,0.715,0.020,IMPROVEMENT
2026-09-11T15:17:41.6712018,OrderByTest,simple order by age desc,"SELECT ID, AGE FROM USERS ORDER BY AGE DESC",4.530,0.987,0.218,IMPROVEMENT
2026-09-11T15:17:41.6732086,PerformanceTest,simple select clustered index,"SELECT NAME, AGE FROM USERS WHERE USER_CODE = 'CODE50'",11.510,0.424,0.037,IMPROVEMENT
2026-09-11T15:17:41.6769608,SubqueriesTest,complex subquery in column where group by having,"SELECT (SELECT NAME FROM USERS WHERE ID = u.ID LIMIT 1) AS user_name, COUNT(*) AS user_count FROM USERS u WHERE AGE > (SELECT AGE FROM USERS WHERE ID = 50 LIMIT 1) GROUP BY (SELECT NAME FROM USERS WHERE ID = u.ID LIMIT 1) HAVING COUNT(*) > (SELECT ID FROM USERS WHERE ID = 1 LIMIT 1) LIMIT 10",250.660,79.880,0.319,IMPROVEMENT
2026-09-11T15:19:15.5081882,AdvancedTest,simple select by primary key,"SELECT ID, NAME FROM USERS WHERE ID = 50",12.340,0.318,0.026,IMPROVEMENT
2026-09-11T15:19:15.5101951,AliasesTest,complex select min max avg with join and group by,"SELECT u.NAME userName, t.TRANS_DATE transDate, MIN(u.AGE) minAge, MAX(u.AGE) maxAge, AVG(u.AGE) avgAge FROM USERS u INNER JOIN TRANSACTIONS t ON u.ID = t.USER_ID GROUP BY userName, transDate ORDER BY transDate DESC",59.990,3.247,0.054,IMPROVEMENT
2026-09-11T15:19:15.5122024,GroupByTest,simple group by sum count,"SELECT NAME, SUM(AGE), COUNT(AGE) FROM USERS GROUP BY NAME",5.280,1.412,0.267,IMPROVEMENT
2026-09-11T15:19:15.5142109,GroupByTest,complex group by join string date,"SELECT USERS.NAME, PROFILES.PROFILE_DATE, SUM(USERS.BALANCE), COUNT(USERS.BALANCE) FROM USERS INNER JOIN PROFILES ON USERS.ID = PROFILES.USER_ID GROUP BY USERS.NAME, PROFILES.PROFILE_DATE ORDER BY PROFILES.PROFILE_DATE DESC",37.800,3.768,0.100,IMPROVEMENT
2026-09-11T15:19:15.5162164,InTest,simple in on btree index,"SELECT ID, NAME FROM USERS WHERE AGE IN (50, 51, 52)",9.970,0.317,0.032,IMPROVEMENT
2026-09-11T15:19:15.5182237,JoinTest,simple inner join on primary key,"SELECT USERS.ID, USERS.NAME, USER_DETAILS.INFO FROM USERS INNER JOIN USER_DETAILS ON USERS.ID = USER_DETAILS.USER_ID WHERE USERS.ID IN (50, 51, 52)",32.650,1.712,0.052,IMPROVEMENT
2026-09-11T15:19:15.5199686,LikeTest,simple like on name,"SELECT ID, NAME FROM USERS WHERE NAME LIKE '%er50' AND NAME LIKE '%User50%' AND NAME LIKE 'User50%'",35.730,0.872,0.024,IMPROVEMENT
2026-09-11T15:19:15.5199686,OrderByTest,simple order by age desc,"SELECT ID, AGE FROM USERS ORDER BY AGE DESC",4.530,0.826,0.182,IMPROVEMENT
2026-09-11T15:19:15.5219791,PerformanceTest,simple select clustered index,"SELECT NAME, AGE FROM USERS WHERE USER_CODE = 'CODE50'",11.510,0.246,0.021,IMPROVEMENT
2026-09-11T15:19:15.5239866,SubqueriesTest,complex subquery in column where group by having,"SELECT (SELECT NAME FROM USERS WHERE ID = u.ID LIMIT 1) AS user_name, COUNT(*) AS user_count FROM USERS u WHERE AGE > (SELECT AGE FROM USERS WHERE ID = 50 LIMIT 1) GROUP BY (SELECT NAME FROM USERS WHERE ID = u.ID LIMIT 1) HAVING COUNT(*) > (SELECT ID FROM USERS WHERE ID = 1 LIMIT 1) LIMIT 10",250.660,77.277,0.308,IMPROVEMENT
2026-09-12T23:32:47.8174306,AdvancedTest,simple select by primary key,"SELECT ID, NAME FROM USERS WHERE ID = 50",12.340,0.088,0.007,IMPROVEMENT
2026-09-12T23:32:47.8214316,AliasesTest,complex select min max avg with join and group by,"SELECT u.NAME userName, t.TRANS_DATE transDate, MIN(u.AGE) minAge, MAX(u.AGE) maxAge, AVG(u.AGE) avgAge FROM USERS u INNER JOIN TRANSACTIONS t ON u.ID = t.USER_ID GROUP BY userName, transDate ORDER BY transDate DESC",59.990,1.460,0.024,IMPROVEMENT
2026-09-12T23:32:47.8254329,GroupByTest,simple group by sum count,"SELECT NAME, SUM(AGE), COUNT(AGE) FROM USERS GROUP BY NAME",5.280,0.600,0.114,IMPROVEMENT
2026-09-12T23:32:47.8284351,GroupByTest,complex group by join string date,"SELECT USERS.NAME, PROFILES.PROFILE_DATE, SUM(USERS.BALANCE), COUNT(USERS.BALANCE) FROM USERS INNER JOIN PROFILES ON USERS.ID = PROFILES.USER_ID GROUP BY USERS.NAME, PROFILES.PROFILE_DATE ORDER BY PROFILES.PROFILE_DATE DESC",37.800,1.823,0.048,IMPROVEMENT
2026-09-12T23:32:47.8294299,InTest,simple in on btree index,"SELECT ID, NAME FROM USERS WHERE AGE IN (50, 51, 52)",9.970,0.088,0.009,IMPROVEMENT
2026-09-12T23:32:47.8324371,JoinTest,simple inner join on primary key,"SELECT USERS.ID, USERS.NAME, USER_DETAILS.INFO FROM USERS INNER JOIN USER_DETAILS ON USERS.ID = USER_DETAILS.USER_ID WHERE USERS.ID IN (50, 51, 52)",32.650,0.486,0.015,IMPROVEMENT
2026-09-12T23:32:47.8334316,LikeTest,simple like on name,"SELECT ID, NAME FROM USERS WHERE NAME LIKE '%er50' AND NAME LIKE '%User50%' AND NAME LIKE 'User50%'",35.730,0.201,0.006,IMPROVEMENT
2026-09-12T23:32:47.8344324,OrderByTest,simple order by age desc,"SELECT ID, AGE FROM USERS ORDER BY AGE DESC",4.530,0.405,0.089,IMPROVEMENT
2026-09-12T23:32:47.8354355,PerformanceTest,simple select clustered index,"SELECT NAME, AGE FROM USERS WHERE USER_CODE = 'CODE50'",11.510,0.081,0.007,IMPROVEMENT
2026-09-12T23:32:47.8364375,SubqueriesTest,complex subquery in column where group by having,"SELECT (SELECT NAME FROM USERS WHERE ID = u.ID LIMIT 1) AS user_name, COUNT(*) AS user_count FROM USERS u WHERE AGE > (SELECT AGE FROM USERS WHERE ID = 50 LIMIT 1) GROUP BY (SELECT NAME FROM USERS WHERE ID = u.ID LIMIT 1) HAVING COUNT(*) > (SELECT ID FROM USERS WHERE ID = 1 LIMIT 1) LIMIT 10",250.660,47.812,0.191,IMPROVEMENT
2026-09-13T00:04:05.5256328,AdvancedTest,simple select by primary key,"SELECT ID, NAME FROM USERS WHERE ID = 50",12.340,0.110,0.009,IMPROVEMENT
2026-09-13T00:04:05.5266268,AliasesTest,complex select min max avg with join and group by,"SELECT u.NAME userName, t.TRANS_DATE transDate, MIN(u.AGE) minAge, MAX(u.AGE) maxAge, AVG(u.AGE) avgAge FROM USERS u INNER JOIN TRANSACTIONS t ON u.ID = t.USER_ID GROUP BY userName, transDate ORDER BY transDate DESC",59.990,1.632,0.027,IMPROVEMENT
2026-09-13T00:04:05.5286276,GroupByTest,simple group by sum count,"SELECT NAME, SUM(AGE), COUNT(AGE) FROM USERS GROUP BY NAME",5.280,0.719,0.136,IMPROVEMENT
2026-09-13T00:04:05.5296271,GroupByTest,complex group by join string date,"SELECT USERS.NAME, PROFILES.PROFILE_DATE, SUM(USERS.BALANCE), COUNT(USERS.BALANCE) FROM USERS INNER JOIN PROFILES ON USERS.ID = PROFILES.USER_ID GROUP BY USERS.NAME, PROFILES.PROFILE_DATE ORDER BY PROFILES.PROFILE_DATE DESC",37.800,2.387,0.063,IMPROVEMENT
2026-09-13T00:04:05.5296271,InTest,simple in on btree index,"SELECT ID, NAME FROM USERS WHERE AGE IN (50, 51, 52)",9.970,0.143,0.014,IMPROVEMENT
2026-09-13T00:04:05.530627,JoinTest,simple inner join on primary key,"SELECT USERS.ID, USERS.NAME, USER_DETAILS.INFO FROM USERS INNER JOIN USER_DETAILS ON USERS.ID = USER_DETAILS.USER_ID WHERE USERS.ID IN (50, 51, 52)",32.650,1.070,0.033,IMPROVEMENT
2026-09-13T00:04:05.5316267,LikeTest,simple like on name,"SELECT ID, NAME FROM USERS WHERE NAME LIKE '%er50' AND NAME LIKE '%User50%' AND NAME LIKE 'User50%'",35.730,0.311,0.009,IMPROVEMENT
2026-09-13T00:04:05.5326292,OrderByTest,simple order by age desc,"SELECT ID, AGE FROM USERS ORDER BY AGE DESC",4.530,0.567,0.125,IMPROVEMENT
2026-09-13T00:04:05.533626,PerformanceTest,simple select clustered index,"SELECT NAME, AGE FROM USERS WHERE USER_CODE = 'CODE50'",11.510,0.116,0.010,IMPROVEMENT
2026-09-13T00:04:05.5346283,SubqueriesTest,complex subquery in column where group by having,"SELECT (SELECT NAME FROM USERS WHERE ID = u.ID LIMIT 1) AS user_name, COUNT(*) AS user_count FROM USERS u WHERE AGE > (SELECT AGE FROM USERS WHERE ID = 50 LIMIT 1) GROUP BY (SELECT NAME FROM USERS WHERE ID = u.ID LIMIT 1) HAVING COUNT(*) > (SELECT ID FROM USERS WHERE ID = 1 LIMIT 1) LIMIT 10",250.660,44.112,0.176,IMPROVEMENT
2026-09-13T00:06:50.750139,AdvancedTest,simple select by primary key,"SELECT ID, NAME FROM USERS WHERE ID = 50",12.340,0.115,0.009,IMPROVEMENT
2026-09-13T00:06:50.7551454,AliasesTest,complex select min max avg with join and group by,"SELECT u.NAME userName, t.TRANS_DATE transDate, MIN(u.AGE) minAge, MAX(u.AGE) maxAge, AVG(u.AGE) avgAge FROM USERS u INNER JOIN TRANSACTIONS t ON u.ID = t.USER_ID GROUP BY userName, transDate ORDER BY transDate DESC",59.990,1.634,0.027,IMPROVEMENT
2026-09-13T00:06:50.7561431,GroupByTest,simple group by sum count,"SELECT NAME, SUM(AGE), COUNT(AGE) FROM USERS GROUP BY NAME",5.280,0.571,0.108,IMPROVEMENT
2026-09-13T00:06:50.75714,GroupByTest,complex group by join string date,"SELECT USERS.NAME, PROFILES.PROFILE_DATE, SUM(USERS.BALANCE), COUNT(USERS.BALANCE) FROM USERS INNER JOIN PROFILES ON USERS.ID = PROFILES.USER_ID GROUP BY USERS.NAME, PROFILES.PROFILE_DATE ORDER BY PROFILES.PROFILE_DATE DESC",37.800,1.951,0.052,IMPROVEMENT
2026-09-13T00:06:50.7581407,InTest,simple in on btree index,"SELECT ID, NAME FROM USERS WHERE AGE IN (50, 51, 52)",9.970,0.117,0.012,IMPROVEMENT
2026-09-13T00:06:50.7591411,JoinTest,simple inner join on primary key,"SELECT USERS.ID, USERS.NAME, USER_DETAILS.INFO FROM USERS INNER JOIN USER_DETAILS ON USERS.ID = USER_DETAILS.USER_ID WHERE USERS.ID IN (50, 51, 52)",32.650,0.580,0.018,IMPROVEMENT
2026-09-13T00:06:50.7611445,LikeTest,simple like on name,"SELECT ID, NAME FROM USERS WHERE NAME LIKE '%er50' AND NAME LIKE '%User50%' AND NAME LIKE 'User50%'",35.730,0.330,0.009,IMPROVEMENT
2026-09-13T00:06:50.7621422,OrderByTest,simple order by age desc,"SELECT ID, AGE FROM USERS ORDER BY AGE DESC",4.530,0.384,0.085,IMPROVEMENT
2026-09-13T00:06:50.7631429,PerformanceTest,simple select clustered index,"SELECT NAME, AGE FROM USERS WHERE USER_CODE = 'CODE50'",11.510,0.102,0.009,IMPROVEMENT
2026-09-13T00:06:50.7641405,SubqueriesTest,complex subquery in column where group by having,"SELECT (SELECT NAME FROM USERS WHERE ID = u.ID LIMIT 1) AS user_name, COUNT(*) AS user_count FROM USERS u WHERE AGE > (SELECT AGE FROM USERS WHERE ID = 50 LIMIT 1) GROUP BY (SELECT NAME FROM USERS WHERE ID = u.ID LIMIT 1) HAVING COUNT(*) > (SELECT ID FROM USERS WHERE ID = 1 LIMIT 1) LIMIT 10",250.660,53.155,0.212,IMPROVEMENT
2026-09-13T00:15:47.3800857,AdvancedTest,simple select by primary key,"SELECT ID, NAME FROM USERS WHERE ID = 50",12.340,0.084,0.007,IMPROVEMENT
2026-09-13T00:15:47.3840907,AliasesTest,complex select min max avg with join and group by,"SELECT u.NAME userName, t.TRANS_DATE transDate, MIN(u.AGE) minAge, MAX(u.AGE) maxAge, AVG(u.AGE) avgAge FROM USERS u INNER JOIN TRANSACTIONS t ON u.ID = t.USER_ID GROUP BY userName, transDate ORDER BY transDate DESC",59.990,1.509,0.025,IMPROVEMENT
2026-09-13T00:15:47.3861006,GroupByTest,simple group by sum count,"SELECT NAME, SUM(AGE), COUNT(AGE) FROM USERS GROUP BY NAME",5.280,0.571,0.108,IMPROVEMENT
2026-09-13T00:15:47.3870914,GroupByTest,complex group by join string date,"SELECT USERS.NAME, PROFILES.PROFILE_DATE, SUM(USERS.BALANCE), COUNT(USERS.BALANCE) FROM USERS INNER JOIN PROFILES ON USERS.ID = PROFILES.USER_ID GROUP BY USERS.NAME, PROFILES.PROFILE_DATE ORDER BY PROFILES.PROFILE_DATE DESC",37.800,1.768,0.047,IMPROVEMENT
2026-09-13T00:15:47.3880936,InTest,simple in on btree index,"SELECT ID, NAME FROM USERS WHERE AGE IN (50, 51, 52)",9.970,0.092,0.009,IMPROVEMENT
2026-09-13T00:15:47.3900903,JoinTest,simple inner join on primary key,"SELECT USERS.ID, USERS.NAME, USER_DETAILS.INFO FROM USERS INNER JOIN USER_DETAILS ON USERS.ID = USER_DETAILS.USER_ID WHERE USERS.ID IN (50, 51, 52)",32.650,0.780,0.024,IMPROVEMENT
2026-09-13T00:15:47.3910922,LikeTest,simple like on name,"SELECT ID, NAME FROM USERS WHERE NAME LIKE '%er50' AND NAME LIKE '%User50%' AND NAME LIKE 'User50%'",35.730,0.223,0.006,IMPROVEMENT
2026-09-13T00:15:47.392103,OrderByTest,simple order by age desc,"SELECT ID, AGE FROM USERS ORDER BY AGE DESC",4.530,0.408,0.090,IMPROVEMENT
2026-09-13T00:15:47.3930985,PerformanceTest,simple select clustered index,"SELECT NAME, AGE FROM USERS WHERE USER_CODE = 'CODE50'",11.510,0.085,0.007,IMPROVEMENT
2026-09-13T00:15:47.3940934,SubqueriesTest,complex subquery in column where group by having,"SELECT (SELECT NAME FROM USERS WHERE ID = u.ID LIMIT 1) AS user_name, COUNT(*) AS user_count FROM USERS u WHERE AGE > (SELECT AGE FROM USERS WHERE ID = 50 LIMIT 1) GROUP BY (SELECT NAME FROM USERS WHERE ID = u.ID LIMIT 1) HAVING COUNT(*) > (SELECT ID FROM USERS WHERE ID = 1 LIMIT 1) LIMIT 10",250.660,44.397,0.177,IMPROVEMENT
2026-09-13T00:22:34.0980968,AdvancedTest,simple select by primary key,"SELECT ID, NAME FROM USERS WHERE ID = 50",12.340,0.084,0.007,IMPROVEMENT
2026-09-13T00:22:34.1000909,AliasesTest,complex select min max avg with join and group by,"SELECT u.NAME userName, t.TRANS_DATE transDate, MIN(u.AGE) minAge, MAX(u.AGE) maxAge, AVG(u.AGE) avgAge FROM USERS u INNER JOIN TRANSACTIONS t ON u.ID = t.USER_ID GROUP BY userName, transDate ORDER BY transDate DESC",59.990,1.356,0.023,IMPROVEMENT
2026-09-13T00:22:34.1010961,GroupByTest,simple group by sum count,"SELECT NAME, SUM(AGE), COUNT(AGE) FROM USERS GROUP BY NAME",5.280,0.613,0.116,IMPROVEMENT
2026-09-13T00:22:34.1030968,GroupByTest,complex group by join string date,"SELECT USERS.NAME, PROFILES.PROFILE_DATE, SUM(USERS.BALANCE), COUNT(USERS.BALANCE) FROM USERS INNER JOIN PROFILES ON USERS.ID = PROFILES.USER_ID GROUP BY USERS.NAME, PROFILES.PROFILE_DATE ORDER BY PROFILES.PROFILE_DATE DESC",37.800,1.508,0.040,IMPROVEMENT
2026-09-13T00:22:34.1040902,InTest,simple in on btree index,"SELECT ID, NAME FROM USERS WHERE AGE IN (50, 51, 52)",9.970,0.089,0.009,IMPROVEMENT
2026-09-13T00:22:34.1060929,JoinTest,simple inner join on primary key,"SELECT USERS.ID, USERS.NAME, USER_DETAILS.INFO FROM USERS INNER JOIN USER_DETAILS ON USERS.ID = USER_DETAILS.USER_ID WHERE USERS.ID IN (50, 51, 52)",32.650,0.582,0.018,IMPROVEMENT
2026-09-13T00:22:34.108096,LikeTest,simple like on name,"SELECT ID, NAME FROM USERS WHERE NAME LIKE '%er50' AND NAME LIKE '%User50%' AND NAME LIKE 'User50%'",35.730,0.213,0.006,IMPROVEMENT
2026-09-13T00:22:34.1090977,OrderByTest,simple order by age desc,"SELECT ID, AGE FROM USERS ORDER BY AGE DESC",4.530,0.327,0.072,IMPROVEMENT
2026-09-13T00:22:34.1100946,PerformanceTest,simple select clustered index,"SELECT NAME, AGE FROM USERS WHERE USER_CODE = 'CODE50'",11.510,0.083,0.007,IMPROVEMENT
2026-09-13T00:22:34.1110926,SubqueriesTest,complex subquery in column where group by having,"SELECT (SELECT NAME FROM USERS WHERE ID = u.ID LIMIT 1) AS user_name, COUNT(*) AS user_count FROM USERS u WHERE AGE > (SELECT AGE FROM USERS WHERE ID = 50 LIMIT 1) GROUP BY (SELECT NAME FROM USERS WHERE ID = u.ID LIMIT 1) HAVING COUNT(*) > (SELECT ID FROM USERS WHERE ID = 1 LIMIT 1) LIMIT 10",250.660,40.304,0.161,IMPROVEMENT
2026-09-13T10:02:57.448487,AdvancedTest,simple select by primary key,"SELECT ID, NAME FROM USERS WHERE ID = 50",12.340,0.098,0.008,IMPROVEMENT
2026-09-13T10:02:57.4494891,AliasesTest,complex select min max avg with join and group by,"SELECT u.NAME userName, t.TRANS_DATE transDate, MIN(u.AGE) minAge, MAX(u.AGE) maxAge, AVG(u.AGE) avgAge FROM USERS u INNER JOIN TRANSACTIONS t ON u.ID = t.USER_ID GROUP BY userName, transDate ORDER BY transDate DESC",59.990,1.934,0.032,IMPROVEMENT
2026-09-13T10:02:57.4504817,GroupByTest,simple group by sum count,"SELECT NAME, SUM(AGE), COUNT(AGE) FROM USERS GROUP BY NAME",5.280,0.696,0.132,IMPROVEMENT
2026-09-13T10:02:57.4544824,GroupByTest,complex group by join string date,"SELECT USERS.NAME, PROFILES.PROFILE_DATE, SUM(USERS.BALANCE), COUNT(USERS.BALANCE) FROM USERS INNER JOIN PROFILES ON USERS.ID = PROFILES.USER_ID GROUP BY USERS.NAME, PROFILES.PROFILE_DATE ORDER BY PROFILES.PROFILE_DATE DESC",37.800,2.101,0.056,IMPROVEMENT
2026-09-13T10:02:57.4564901,InTest,simple in on btree index,"SELECT ID, NAME FROM USERS WHERE AGE IN (50, 51, 52)",9.970,0.123,0.012,IMPROVEMENT
2026-09-13T10:02:57.4574838,JoinTest,simple inner join on primary key,"SELECT USERS.ID, USERS.NAME, USER_DETAILS.INFO FROM USERS INNER JOIN USER_DETAILS ON USERS.ID = USER_DETAILS.USER_ID WHERE USERS.ID IN (50, 51, 52)",32.650,0.858,0.026,IMPROVEMENT
2026-09-13T10:02:57.4594867,LikeTest,simple like on name,"SELECT ID, NAME FROM USERS WHERE NAME LIKE '%er50' AND NAME LIKE '%User50%' AND NAME LIKE 'User50%'",35.730,0.378,0.011,IMPROVEMENT
2026-09-13T10:02:57.4604923,OrderByTest,simple order by age desc,"SELECT ID, AGE FROM USERS ORDER BY AGE DESC",4.530,0.383,0.084,IMPROVEMENT
2026-09-13T10:02:57.4614883,PerformanceTest,simple select clustered index,"SELECT NAME, AGE FROM USERS WHERE USER_CODE = 'CODE50'",11.510,0.100,0.009,IMPROVEMENT
2026-09-13T10:02:57.4624825,SubqueriesTest,complex subquery in column where group by having,"SELECT (SELECT NAME FROM USERS WHERE ID = u.ID LIMIT 1) AS user_name, COUNT(*) AS user_count FROM USERS u WHERE AGE > (SELECT AGE FROM USERS WHERE ID = 50 LIMIT 1) GROUP BY (SELECT NAME FROM USERS WHERE ID = u.ID LIMIT 1) HAVING COUNT(*) > (SELECT ID FROM USERS WHERE ID = 1 LIMIT 1) LIMIT 10",250.660,63.098,0.252,IMPROVEMENT
2026-09-13T10:16:57.6209165,AdvancedTest,simple select by primary key,"SELECT ID, NAME FROM USERS WHERE ID = 50",12.340,0.114,0.009,IMPROVEMENT
2026-09-13T10:16:57.6239127,AliasesTest,complex select min max avg with join and group by,"SELECT u.NAME userName, t.TRANS_DATE transDate, MIN(u.AGE) minAge, MAX(u.AGE) maxAge, AVG(u.AGE) avgAge FROM USERS u INNER JOIN TRANSACTIONS t ON u.ID = t.USER_ID GROUP BY userName, transDate ORDER BY transDate DESC",59.990,1.004,0.017,IMPROVEMENT
2026-09-13T10:16:57.6249225,GroupByTest,simple group by sum count,"SELECT NAME, SUM(AGE), COUNT(AGE) FROM USERS GROUP BY NAME",5.280,0.537,0.102,IMPROVEMENT
2026-09-13T10:16:57.6269196,GroupByTest,complex group by join string date,"SELECT USERS.NAME, PROFILES.PROFILE_DATE, SUM(USERS.BALANCE), COUNT(USERS.BALANCE) FROM USERS INNER JOIN PROFILES ON USERS.ID = PROFILES.USER_ID GROUP BY USERS.NAME, PROFILES.PROFILE_DATE ORDER BY PROFILES.PROFILE_DATE DESC",37.800,1.407,0.037,IMPROVEMENT
2026-09-13T10:16:57.6279163,InTest,simple in on btree index,"SELECT ID, NAME FROM USERS WHERE AGE IN (50, 51, 52)",9.970,0.085,0.008,IMPROVEMENT
2026-09-13T10:16:57.6289213,JoinTest,simple inner join on primary key,"SELECT USERS.ID, USERS.NAME, USER_DETAILS.INFO FROM USERS INNER JOIN USER_DETAILS ON USERS.ID = USER_DETAILS.USER_ID WHERE USERS.ID IN (50, 51, 52)",32.650,0.792,0.024,IMPROVEMENT
2026-09-13T10:16:57.6299221,LikeTest,simple like on name,"SELECT ID, NAME FROM USERS WHERE NAME LIKE '%er50' AND NAME LIKE '%User50%' AND NAME LIKE 'User50%'",35.730,0.190,0.005,IMPROVEMENT
2026-09-13T10:16:57.6309153,OrderByTest,simple order by age desc,"SELECT ID, AGE FROM USERS ORDER BY AGE DESC",4.530,0.313,0.069,IMPROVEMENT
2026-09-13T10:16:57.6319181,PerformanceTest,simple select clustered index,"SELECT NAME, AGE FROM USERS WHERE USER_CODE = 'CODE50'",11.510,0.080,0.007,IMPROVEMENT
2026-09-13T10:16:57.6329182,SubqueriesTest,complex subquery in column where group by having,"SELECT (SELECT NAME FROM USERS WHERE ID = u.ID LIMIT 1) AS user_name, COUNT(*) AS user_count FROM USERS u WHERE AGE > (SELECT AGE FROM USERS WHERE ID = 50 LIMIT 1) GROUP BY (SELECT NAME FROM USERS WHERE ID = u.ID LIMIT 1) HAVING COUNT(*) > (SELECT ID FROM USERS WHERE ID = 1 LIMIT 1) LIMIT 10",250.660,40.289,0.161,IMPROVEMENT
2026-09-13T10:26:26.2567864,AdvancedTest,simple select by primary key,"SELECT ID, NAME FROM USERS WHERE ID = 50",12.340,0.118,0.010,IMPROVEMENT
2026-09-13T10:26:26.2667871,AliasesTest,complex select min max avg with join and group by,"SELECT u.NAME userName, t.TRANS_DATE transDate, MIN(u.AGE) minAge, MAX(u.AGE) maxAge, AVG(u.AGE) avgAge FROM USERS u INNER JOIN TRANSACTIONS t ON u.ID = t.USER_ID GROUP BY userName, transDate ORDER BY transDate DESC",59.990,1.564,0.026,IMPROVEMENT
2026-09-13T10:26:26.2677905,GroupByTest,simple group by sum count,"SELECT NAME, SUM(AGE), COUNT(AGE) FROM USERS GROUP BY NAME",5.280,0.777,0.147,IMPROVEMENT
2026-09-13T10:26:26.2707914,GroupByTest,complex group by join string date,"SELECT USERS.NAME, PROFILES.PROFILE_DATE, SUM(USERS.BALANCE), COUNT(USERS.BALANCE) FROM USERS INNER JOIN PROFILES ON USERS.ID = PROFILES.USER_ID GROUP BY USERS.NAME, PROFILES.PROFILE_DATE ORDER BY PROFILES.PROFILE_DATE DESC",37.800,2.766,0.073,IMPROVEMENT
2026-09-13T10:26:26.2727865,InTest,simple in on btree index,"SELECT ID, NAME FROM USERS WHERE AGE IN (50, 51, 52)",9.970,0.107,0.011,IMPROVEMENT
2026-09-13T10:26:26.2737922,JoinTest,simple inner join on primary key,"SELECT USERS.ID, USERS.NAME, USER_DETAILS.INFO FROM USERS INNER JOIN USER_DETAILS ON USERS.ID = USER_DETAILS.USER_ID WHERE USERS.ID IN (50, 51, 52)",32.650,0.969,0.030,IMPROVEMENT
2026-09-13T10:26:26.2747889,LikeTest,simple like on name,"SELECT ID, NAME FROM USERS WHERE NAME LIKE '%er50' AND NAME LIKE '%User50%' AND NAME LIKE 'User50%'",35.730,0.339,0.009,IMPROVEMENT
2026-09-13T10:26:26.2797931,OrderByTest,simple order by age desc,"SELECT ID, AGE FROM USERS ORDER BY AGE DESC",4.530,0.449,0.099,IMPROVEMENT
2026-09-13T10:26:26.28079,PerformanceTest,simple select clustered index,"SELECT NAME, AGE FROM USERS WHERE USER_CODE = 'CODE50'",11.510,0.095,0.008,IMPROVEMENT
2026-09-13T10:26:26.281799,SubqueriesTest,complex subquery in column where group by having,"SELECT (SELECT NAME FROM USERS WHERE ID = u.ID LIMIT 1) AS user_name, COUNT(*) AS user_count FROM USERS u WHERE AGE > (SELECT AGE FROM USERS WHERE ID = 50 LIMIT 1) GROUP BY (SELECT NAME FROM USERS WHERE ID = u.ID LIMIT 1) HAVING COUNT(*) > (SELECT ID FROM USERS WHERE ID = 1 LIMIT 1) LIMIT 10",250.660,79.062,0.315,IMPROVEMENT
2026-09-13T10:40:10.2091253,AdvancedTest,simple select by primary key,"SELECT ID, NAME FROM USERS WHERE ID = 50",12.340,0.097,0.008,IMPROVEMENT
2026-09-13T10:40:10.2241244,AliasesTest,complex select min max avg with join and group by,"SELECT u.NAME userName, t.TRANS_DATE transDate, MIN(u.AGE) minAge, MAX(u.AGE) maxAge, AVG(u.AGE) avgAge FROM USERS u INNER JOIN TRANSACTIONS t ON u.ID = t.USER_ID GROUP BY userName, transDate ORDER BY transDate DESC",59.990,1.680,0.028,IMPROVEMENT
2026-09-13T10:40:10.2271204,GroupByTest,simple group by sum count,"SELECT NAME, SUM(AGE), COUNT(AGE) FROM USERS GROUP BY NAME",5.280,0.653,0.124,IMPROVEMENT
2026-09-13T10:40:10.2301586,GroupByTest,complex group by join string date,"SELECT USERS.NAME, PROFILES.PROFILE_DATE, SUM(USERS.BALANCE), COUNT(USERS.BALANCE) FROM USERS INNER JOIN PROFILES ON USERS.ID = PROFILES.USER_ID GROUP BY USERS.NAME, PROFILES.PROFILE_DATE ORDER BY PROFILES.PROFILE_DATE DESC",37.800,2.120,0.056,IMPROVEMENT
2026-09-13T10:40:10.2331505,InTest,simple in on btree index,"SELECT ID, NAME FROM USERS WHERE AGE IN (50, 51, 52)",9.970,0.101,0.010,IMPROVEMENT
2026-09-13T10:40:10.2341551,JoinTest,simple inner join on primary key,"SELECT USERS.ID, USERS.NAME, USER_DETAILS.INFO FROM USERS INNER JOIN USER_DETAILS ON USERS.ID = USER_DETAILS.USER_ID WHERE USERS.ID IN (50, 51, 52)",32.650,0.628,0.019,IMPROVEMENT
2026-09-13T10:40:10.2401569,LikeTest,simple like on name,"SELECT ID, NAME FROM USERS WHERE NAME LIKE '%er50' AND NAME LIKE '%User50%' AND NAME LIKE 'User50%'",35.730,0.257,0.007,IMPROVEMENT
2026-09-13T10:40:10.2421517,OrderByTest,simple order by age desc,"SELECT ID, AGE FROM USERS ORDER BY AGE DESC",4.530,0.367,0.081,IMPROVEMENT
2026-09-13T10:40:10.2436743,PerformanceTest,simple select clustered index,"SELECT NAME, AGE FROM USERS WHERE USER_CODE = 'CODE50'",11.510,0.095,0.008,IMPROVEMENT
2026-09-13T10:40:10.2446884,SubqueriesTest,complex subquery in column where group by having,"SELECT (SELECT NAME FROM USERS WHERE ID = u.ID LIMIT 1) AS user_name, COUNT(*) AS user_count FROM USERS u WHERE AGE > (SELECT AGE FROM USERS WHERE ID = 50 LIMIT 1) GROUP BY (SELECT NAME FROM USERS WHERE ID = u.ID LIMIT 1) HAVING COUNT(*) > (SELECT ID FROM USERS WHERE ID = 1 LIMIT 1) LIMIT 10",250.660,101.974,0.407,IMPROVEMENT
2026-09-13T11:38:50.6703555,AdvancedTest,simple select by primary key,"SELECT ID, NAME FROM USERS WHERE ID = 50",12.340,0.080,0.007,IMPROVEMENT
2026-09-13T11:38:50.6723501,AliasesTest,complex select min max avg with join and group by,"SELECT u.NAME userName, t.TRANS_DATE transDate, MIN(u.AGE) minAge, MAX(u.AGE) maxAge, AVG(u.AGE) avgAge FROM USERS u INNER JOIN TRANSACTIONS t ON u.ID = t.USER_ID GROUP BY userName, transDate ORDER BY transDate DESC",59.990,1.119,0.019,IMPROVEMENT
2026-09-13T11:38:50.673355,GroupByTest,simple group by sum count,"SELECT NAME, SUM(AGE), COUNT(AGE) FROM USERS GROUP BY NAME",5.280,0.504,0.095,IMPROVEMENT
2026-09-13T11:38:50.6743543,GroupByTest,complex group by join string date,"SELECT USERS.NAME, PROFILES.PROFILE_DATE, SUM(USERS.BALANCE), COUNT(USERS.BALANCE) FROM USERS INNER JOIN PROFILES ON USERS.ID = PROFILES.USER_ID GROUP BY USERS.NAME, PROFILES.PROFILE_DATE ORDER BY PROFILES.PROFILE_DATE DESC",37.800,1.404,0.037,IMPROVEMENT
2026-09-13T11:38:50.6743543,InTest,simple in on btree index,"SELECT ID, NAME FROM USERS WHERE AGE IN (50, 51, 52)",9.970,0.083,0.008,IMPROVEMENT
2026-09-13T11:38:50.6753549,JoinTest,simple inner join on primary key,"SELECT USERS.ID, USERS.NAME, USER_DETAILS.INFO FROM USERS INNER JOIN USER_DETAILS ON USERS.ID = USER_DETAILS.USER_ID WHERE USERS.ID IN (50, 51, 52)",32.650,0.421,0.013,IMPROVEMENT
2026-09-13T11:38:50.6763557,LikeTest,simple like on name,"SELECT ID, NAME FROM USERS WHERE NAME LIKE '%er50' AND NAME LIKE '%User50%' AND NAME LIKE 'User50%'",35.730,0.207,0.006,IMPROVEMENT
2026-09-13T11:38:50.6773531,OrderByTest,simple order by age desc,"SELECT ID, AGE FROM USERS ORDER BY AGE DESC",4.530,0.280,0.062,IMPROVEMENT
2026-09-13T11:38:50.6783547,PerformanceTest,simple select clustered index,"SELECT NAME, AGE FROM USERS WHERE USER_CODE = 'CODE50'",11.510,0.078,0.007,IMPROVEMENT
2026-09-13T11:38:50.6793505,SubqueriesTest,complex subquery in column where group by having,"SELECT (SELECT NAME FROM USERS WHERE ID = u.ID LIMIT 1) AS user_name, COUNT(*) AS user_count FROM USERS u WHERE AGE > (SELECT AGE FROM USERS WHERE ID = 50 LIMIT 1) GROUP BY (SELECT NAME FROM USERS WHERE ID = u.ID LIMIT 1) HAVING COUNT(*) > (SELECT ID FROM USERS WHERE ID = 1 LIMIT 1) LIMIT 10",250.660,37.107,0.148,IMPROVEMENT
2026-09-13T12:01:25.2193419,AdvancedTest,simple select by primary key,"SELECT ID, NAME FROM USERS WHERE ID = 50",12.340,0.075,0.006,IMPROVEMENT
2026-09-13T12:01:25.2203303,AliasesTest,complex select min max avg with join and group by,"SELECT u.NAME userName, t.TRANS_DATE transDate, MIN(u.AGE) minAge, MAX(u.AGE) maxAge, AVG(u.AGE) avgAge FROM USERS u INNER JOIN TRANSACTIONS t ON u.ID = t.USER_ID GROUP BY userName, transDate ORDER BY transDate DESC",59.990,1.027,0.017,IMPROVEMENT
2026-09-13T12:01:25.2223367,GroupByTest,simple group by sum count,"SELECT NAME, SUM(AGE), COUNT(AGE) FROM USERS GROUP BY NAME",5.280,0.492,0.093,IMPROVEMENT
2026-09-13T12:01:25.2233355,GroupByTest,complex group by join string date,"SELECT USERS.NAME, PROFILES.PROFILE_DATE, SUM(USERS.BALANCE), COUNT(USERS.BALANCE) FROM USERS INNER JOIN PROFILES ON USERS.ID = PROFILES.USER_ID GROUP BY USERS.NAME, PROFILES.PROFILE_DATE ORDER BY PROFILES.PROFILE_DATE DESC",37.800,1.801,0.048,IMPROVEMENT
2026-09-13T12:01:25.2243331,InTest,simple in on btree index,"SELECT ID, NAME FROM USERS WHERE AGE IN (50, 51, 52)",9.970,0.081,0.008,IMPROVEMENT
2026-09-13T12:01:25.2253337,JoinTest,simple inner join on primary key,"SELECT USERS.ID, USERS.NAME, USER_DETAILS.INFO FROM USERS INNER JOIN USER_DETAILS ON USERS.ID = USER_DETAILS.USER_ID WHERE USERS.ID IN (50, 51, 52)",32.650,0.473,0.014,IMPROVEMENT
2026-09-13T12:01:25.2263359,LikeTest,simple like on name,"SELECT ID, NAME FROM USERS WHERE NAME LIKE '%er50' AND NAME LIKE '%User50%' AND NAME LIKE 'User50%'",35.730,0.187,0.005,IMPROVEMENT
2026-09-13T12:01:25.2283342,OrderByTest,simple order by age desc,"SELECT ID, AGE FROM USERS ORDER BY AGE DESC",4.530,0.292,0.064,IMPROVEMENT
2026-09-13T12:01:25.230337,PerformanceTest,simple select clustered index,"SELECT NAME, AGE FROM USERS WHERE USER_CODE = 'CODE50'",11.510,0.078,0.007,IMPROVEMENT
2026-09-13T12:01:25.2313386,SubqueriesTest,complex subquery in column where group by having,"SELECT (SELECT NAME FROM USERS WHERE ID = u.ID LIMIT 1) AS user_name, COUNT(*) AS user_count FROM USERS u WHERE AGE > (SELECT AGE FROM USERS WHERE ID = 50 LIMIT 1) GROUP BY (SELECT NAME FROM USERS WHERE ID = u.ID LIMIT 1) HAVING COUNT(*) > (SELECT ID FROM USERS WHERE ID = 1 LIMIT 1) LIMIT 10",250.660,50.108,0.200,IMPROVEMENT
2026-09-13T12:24:55.1054948,AdvancedTest,simple select by primary key,"SELECT ID, NAME FROM USERS WHERE ID = 50",12.340,0.126,0.010,IMPROVEMENT
2026-09-13T12:24:55.1094969,AliasesTest,complex select min max avg with join and group by,"SELECT u.NAME userName, t.TRANS_DATE transDate, MIN(u.AGE) minAge, MAX(u.AGE) maxAge, AVG(u.AGE) avgAge FROM USERS u INNER JOIN TRANSACTIONS t ON u.ID = t.USER_ID GROUP BY userName, transDate ORDER BY transDate DESC",59.990,1.524,0.025,IMPROVEMENT
2026-09-13T12:24:55.1104961,GroupByTest,simple group by sum count,"SELECT NAME, SUM(AGE), COUNT(AGE) FROM USERS GROUP BY NAME",5.280,0.841,0.159,IMPROVEMENT
2026-09-13T12:24:55.1120064,GroupByTest,complex group by join string date,"SELECT USERS.NAME, PROFILES.PROFILE_DATE, SUM(USERS.BALANCE), COUNT(USERS.BALANCE) FROM USERS INNER JOIN PROFILES ON USERS.ID = PROFILES.USER_ID GROUP BY USERS.NAME, PROFILES.PROFILE_DATE ORDER BY PROFILES.PROFILE_DATE DESC",37.800,2.538,0.067,IMPROVEMENT
2026-09-13T12:24:55.1140153,InTest,simple in on btree index,"SELECT ID, NAME FROM USERS WHERE AGE IN (50, 51, 52)",9.970,0.147,0.015,IMPROVEMENT
2026-09-13T12:24:55.1160243,JoinTest,simple inner join on primary key,"SELECT USERS.ID, USERS.NAME, USER_DETAILS.INFO FROM USERS INNER JOIN USER_DETAILS ON USERS.ID = USER_DETAILS.USER_ID WHERE USERS.ID IN (50, 51, 52)",32.650,1.061,0.032,IMPROVEMENT
2026-09-13T12:24:55.1170169,LikeTest,simple like on name,"SELECT ID, NAME FROM USERS WHERE NAME LIKE '%er50' AND NAME LIKE '%User50%' AND NAME LIKE 'User50%'",35.730,0.319,0.009,IMPROVEMENT
2026-09-13T12:24:55.1180155,OrderByTest,simple order by age desc,"SELECT ID, AGE FROM USERS ORDER BY AGE DESC",4.530,0.611,0.135,IMPROVEMENT
2026-09-13T12:24:55.1190213,PerformanceTest,simple select clustered index,"SELECT NAME, AGE FROM USERS WHERE USER_CODE = 'CODE50'",11.510,0.150,0.013,IMPROVEMENT
2026-09-13T12:24:55.1200212,SubqueriesTest,complex subquery in column where group by having,"SELECT (SELECT NAME FROM USERS WHERE ID = u.ID LIMIT 1) AS user_name, COUNT(*) AS user_count FROM USERS u WHERE AGE > (SELECT AGE FROM USERS WHERE ID = 50 LIMIT 1) GROUP BY (SELECT NAME FROM USERS WHERE ID = u.ID LIMIT 1) HAVING COUNT(*) > (SELECT ID FROM USERS WHERE ID = 1 LIMIT 1) LIMIT 10",250.660,55.933,0.223,IMPROVEMENT
2026-09-13T12:29:00.3954527,AdvancedTest,simple select by primary key,"SELECT ID, NAME FROM USERS WHERE ID = 50",12.340,0.112,0.009,IMPROVEMENT
2026-09-13T12:29:00.3974537,AliasesTest,complex select min max avg with join and group by,"SELECT u.NAME userName, t.TRANS_DATE transDate, MIN(u.AGE) minAge, MAX(u.AGE) maxAge, AVG(u.AGE) avgAge FROM USERS u INNER JOIN TRANSACTIONS t ON u.ID = t.USER_ID GROUP BY userName, transDate ORDER BY transDate DESC",59.990,1.440,0.024,IMPROVEMENT
2026-09-13T12:29:00.4004541,GroupByTest,simple group by sum count,"SELECT NAME, SUM(AGE), COUNT(AGE) FROM USERS GROUP BY NAME",5.280,0.750,0.142,IMPROVEMENT
2026-09-13T12:29:00.4014505,GroupByTest,complex group by join string date,"SELECT USERS.NAME, PROFILES.PROFILE_DATE, SUM(USERS.BALANCE), COUNT(USERS.BALANCE) FROM USERS INNER JOIN PROFILES ON USERS.ID = PROFILES.USER_ID GROUP BY USERS.NAME, PROFILES.PROFILE_DATE ORDER BY PROFILES.PROFILE_DATE DESC",37.800,2.053,0.054,IMPROVEMENT
2026-09-13T12:29:00.402453,InTest,simple in on btree index,"SELECT ID, NAME FROM USERS WHERE AGE IN (50, 51, 52)",9.970,0.142,0.014,IMPROVEMENT
2026-09-13T12:29:00.4034497,JoinTest,simple inner join on primary key,"SELECT USERS.ID, USERS.NAME, USER_DETAILS.INFO FROM USERS INNER JOIN USER_DETAILS ON USERS.ID = USER_DETAILS.USER_ID WHERE USERS.ID IN (50, 51, 52)",32.650,0.682,0.021,IMPROVEMENT
2026-09-13T12:29:00.4034497,LikeTest,simple like on name,"SELECT ID, NAME FROM USERS WHERE NAME LIKE '%er50' AND NAME LIKE '%User50%' AND NAME LIKE 'User50%'",35.730,0.262,0.007,IMPROVEMENT
2026-09-13T12:29:00.4044504,OrderByTest,simple order by age desc,"SELECT ID, AGE FROM USERS ORDER BY AGE DESC",4.530,0.481,0.106,IMPROVEMENT
2026-09-13T12:29:00.4054524,PerformanceTest,simple select clustered index,"SELECT NAME, AGE FROM USERS WHERE USER_CODE = 'CODE50'",11.510,0.102,0.009,IMPROVEMENT
2026-09-13T12:29:00.4064539,SubqueriesTest,complex subquery in column where group by having,"SELECT (SELECT NAME FROM USERS WHERE ID = u.ID LIMIT 1) AS user_name, COUNT(*) AS user_count FROM USERS u WHERE AGE > (SELECT AGE FROM USERS WHERE ID = 50 LIMIT 1) GROUP BY (SELECT NAME FROM USERS WHERE ID = u.ID LIMIT 1) HAVING COUNT(*) > (SELECT ID FROM USERS WHERE ID = 1 LIMIT 1) LIMIT 10",250.660,43.407,0.173,IMPROVEMENT
2026-09-13T12:31:42.0018914,AdvancedTest,simple select by primary key,"SELECT ID, NAME FROM USERS WHERE ID = 50",12.340,0.115,0.009,IMPROVEMENT
2026-09-13T12:31:42.0048895,AliasesTest,complex select min max avg with join and group by,"SELECT u.NAME userName, t.TRANS_DATE transDate, MIN(u.AGE) minAge, MAX(u.AGE) maxAge, AVG(u.AGE) avgAge FROM USERS u INNER JOIN TRANSACTIONS t ON u.ID = t.USER_ID GROUP BY userName, transDate ORDER BY transDate DESC",59.990,1.694,0.028,IMPROVEMENT
2026-09-13T12:31:42.0068913,GroupByTest,simple group by sum count,"SELECT NAME, SUM(AGE), COUNT(AGE) FROM USERS GROUP BY NAME",5.280,0.791,0.150,IMPROVEMENT
2026-09-13T12:31:42.0078897,GroupByTest,complex group by join string date,"SELECT USERS.NAME, PROFILES.PROFILE_DATE, SUM(USERS.BALANCE), COUNT(USERS.BALANCE) FROM USERS INNER JOIN PROFILES ON USERS.ID = PROFILES.USER_ID GROUP BY USERS.NAME, PROFILES.PROFILE_DATE ORDER BY PROFILES.PROFILE_DATE DESC",37.800,2.315,0.061,IMPROVEMENT
2026-09-13T12:31:42.0088909,InTest,simple in on btree index,"SELECT ID, NAME FROM USERS WHERE AGE IN (50, 51, 52)",9.970,0.130,0.013,IMPROVEMENT
2026-09-13T12:31:42.0098904,JoinTest,simple inner join on primary key,"SELECT USERS.ID, USERS.NAME, USER_DETAILS.INFO FROM USERS INNER JOIN USER_DETAILS ON USERS.ID = USER_DETAILS.USER_ID WHERE USERS.ID IN (50, 51, 52)",32.650,0.959,0.029,IMPROVEMENT
2026-09-13T12:31:42.0108887,LikeTest,simple like on name,"SELECT ID, NAME FROM USERS WHERE NAME LIKE '%er50' AND NAME LIKE '%User50%' AND NAME LIKE 'User50%'",35.730,0.399,0.011,IMPROVEMENT
2026-09-13T12:31:42.0118905,OrderByTest,simple order by age desc,"SELECT ID, AGE FROM USERS ORDER BY AGE DESC",4.530,0.521,0.115,IMPROVEMENT
2026-09-13T12:31:42.0128915,PerformanceTest,simple select clustered index,"SELECT NAME, AGE FROM USERS WHERE USER_CODE = 'CODE50'",11.510,0.111,0.010,IMPROVEMENT
2026-09-13T12:31:42.0128915,SubqueriesTest,complex subquery in column where group by having,"SELECT (SELECT NAME FROM USERS WHERE ID = u.ID LIMIT 1) AS user_name, COUNT(*) AS user_count FROM USERS u WHERE AGE > (SELECT AGE FROM USERS WHERE ID = 50 LIMIT 1) GROUP BY (SELECT NAME FROM USERS WHERE ID = u.ID LIMIT 1) HAVING COUNT(*) > (SELECT ID FROM USERS WHERE ID = 1 LIMIT 1) LIMIT 10",250.660,40.556,0.162,IMPROVEMENT
2026-09-13T12:37:28.8672969,AdvancedTest,simple select by primary key,"SELECT ID, NAME FROM USERS WHERE ID = 50",12.340,0.093,0.008,IMPROVEMENT
2026-09-13T12:37:28.8692926,AliasesTest,complex select min max avg with join and group by,"SELECT u.NAME userName, t.TRANS_DATE transDate, MIN(u.AGE) minAge, MAX(u.AGE) maxAge, AVG(u.AGE) avgAge FROM USERS u INNER JOIN TRANSACTIONS t ON u.ID = t.USER_ID GROUP BY userName, transDate ORDER BY transDate DESC",59.990,2.075,0.035,IMPROVEMENT
2026-09-13T12:37:28.8702925,GroupByTest,simple group by sum count,"SELECT NAME, SUM(AGE), COUNT(AGE) FROM USERS GROUP BY NAME",5.280,0.723,0.137,IMPROVEMENT
2026-09-13T12:37:28.8712946,GroupByTest,complex group by join string date,"SELECT USERS.NAME, PROFILES.PROFILE_DATE, SUM(USERS.BALANCE), COUNT(USERS.BALANCE) FROM USERS INNER JOIN PROFILES ON USERS.ID = PROFILES.USER_ID GROUP BY USERS.NAME, PROFILES.PROFILE_DATE ORDER BY PROFILES.PROFILE_DATE DESC",37.800,2.428,0.064,IMPROVEMENT
2026-09-13T12:37:28.8723025,InTest,simple in on btree index,"SELECT ID, NAME FROM USERS WHERE AGE IN (50, 51, 52)",9.970,0.160,0.016,IMPROVEMENT
2026-09-13T12:37:28.8732954,JoinTest,simple inner join on primary key,"SELECT USERS.ID, USERS.NAME, USER_DETAILS.INFO FROM USERS INNER JOIN USER_DETAILS ON USERS.ID = USER_DETAILS.USER_ID WHERE USERS.ID IN (50, 51, 52)",32.650,0.696,0.021,IMPROVEMENT
2026-09-13T12:37:28.8742968,LikeTest,simple like on name,"SELECT ID, NAME FROM USERS WHERE NAME LIKE '%er50' AND NAME LIKE '%User50%' AND NAME LIKE 'User50%'",35.730,0.389,0.011,IMPROVEMENT
2026-09-13T12:37:28.8752914,OrderByTest,simple order by age desc,"SELECT ID, AGE FROM USERS ORDER BY AGE DESC",4.530,0.389,0.086,IMPROVEMENT
2026-09-13T12:37:28.8762941,PerformanceTest,simple select clustered index,"SELECT NAME, AGE FROM USERS WHERE USER_CODE = 'CODE50'",11.510,0.094,0.008,IMPROVEMENT
2026-09-13T12:37:28.8762941,SubqueriesTest,complex subquery in column where group by having,"SELECT (SELECT NAME FROM USERS WHERE ID = u.ID LIMIT 1) AS user_name, COUNT(*) AS user_count FROM USERS u WHERE AGE > (SELECT AGE FROM USERS WHERE ID = 50 LIMIT 1) GROUP BY (SELECT NAME FROM USERS WHERE ID = u.ID LIMIT 1) HAVING COUNT(*) > (SELECT ID FROM USERS WHERE ID = 1 LIMIT 1) LIMIT 10",250.660,54.560,0.218,IMPROVEMENT
2026-09-13T12:44:58.242614,AdvancedTest,simple select by primary key,"SELECT ID, NAME FROM USERS WHERE ID = 50",12.340,0.107,0.009,IMPROVEMENT
2026-09-13T12:44:58.2466132,AliasesTest,complex select min max avg with join and group by,"SELECT u.NAME userName, t.TRANS_DATE transDate, MIN(u.AGE) minAge, MAX(u.AGE) maxAge, AVG(u.AGE) avgAge FROM USERS u INNER JOIN TRANSACTIONS t ON u.ID = t.USER_ID GROUP BY userName, transDate ORDER BY transDate DESC",59.990,2.327,0.039,IMPROVEMENT
2026-09-13T12:44:58.257617,GroupByTest,simple group by sum count,"SELECT NAME, SUM(AGE), COUNT(AGE) FROM USERS GROUP BY NAME",5.280,1.024,0.194,IMPROVEMENT
2026-09-13T12:44:58.2596139,GroupByTest,complex group by join string date,"SELECT USERS.NAME, PROFILES.PROFILE_DATE, SUM(USERS.BALANCE), COUNT(USERS.BALANCE) FROM USERS INNER JOIN PROFILES ON USERS.ID = PROFILES.USER_ID GROUP BY USERS.NAME, PROFILES.PROFILE_DATE ORDER BY PROFILES.PROFILE_DATE DESC",37.800,4.876,0.129,IMPROVEMENT
2026-09-13T12:44:58.2606142,InTest,simple in on btree index,"SELECT ID, NAME FROM USERS WHERE AGE IN (50, 51, 52)",9.970,0.133,0.013,IMPROVEMENT
2026-09-13T12:44:58.2606142,JoinTest,simple inner join on primary key,"SELECT USERS.ID, USERS.NAME, USER_DETAILS.INFO FROM USERS INNER JOIN USER_DETAILS ON USERS.ID = USER_DETAILS.USER_ID WHERE USERS.ID IN (50, 51, 52)",32.650,1.341,0.041,IMPROVEMENT
2026-09-13T12:44:58.2626131,LikeTest,simple like on name,"SELECT ID, NAME FROM USERS WHERE NAME LIKE '%er50' AND NAME LIKE '%User50%' AND NAME LIKE 'User50%'",35.730,0.845,0.024,IMPROVEMENT
2026-09-13T12:44:58.2636161,OrderByTest,simple order by age desc,"SELECT ID, AGE FROM USERS ORDER BY AGE DESC",4.530,0.863,0.191,IMPROVEMENT
2026-09-13T12:44:58.2646124,PerformanceTest,simple select clustered index,"SELECT NAME, AGE FROM USERS WHERE USER_CODE = 'CODE50'",11.510,0.106,0.009,IMPROVEMENT
2026-09-13T12:44:58.2656128,SubqueriesTest,complex subquery in column where group by having,"SELECT (SELECT NAME FROM USERS WHERE ID = u.ID LIMIT 1) AS user_name, COUNT(*) AS user_count FROM USERS u WHERE AGE > (SELECT AGE FROM USERS WHERE ID = 50 LIMIT 1) GROUP BY (SELECT NAME FROM USERS WHERE ID = u.ID LIMIT 1) HAVING COUNT(*) > (SELECT ID FROM USERS WHERE ID = 1 LIMIT 1) LIMIT 10",250.660,65.161,0.260,IMPROVEMENT
2026-09-13T12:46:11.0503333,AdvancedTest,simple select by primary key,"SELECT ID, NAME FROM USERS WHERE ID = 50",12.340,0.122,0.010,IMPROVEMENT
2026-09-13T12:46:11.053319,AliasesTest,complex select min max avg with join and group by,"SELECT u.NAME userName, t.TRANS_DATE transDate, MIN(u.AGE) minAge, MAX(u.AGE) maxAge, AVG(u.AGE) avgAge FROM USERS u INNER JOIN TRANSACTIONS t ON u.ID = t.USER_ID GROUP BY userName, transDate ORDER BY transDate DESC",59.990,2.599,0.043,IMPROVEMENT
2026-09-13T12:46:11.0558269,GroupByTest,simple group by sum count,"SELECT NAME, SUM(AGE), COUNT(AGE) FROM USERS GROUP BY NAME",5.280,0.655,0.124,IMPROVEMENT
2026-09-13T12:46:11.05784,GroupByTest,complex group by join string date,"SELECT USERS.NAME, PROFILES.PROFILE_DATE, SUM(USERS.BALANCE), COUNT(USERS.BALANCE) FROM USERS INNER JOIN PROFILES ON USERS.ID = PROFILES.USER_ID GROUP BY USERS.NAME, PROFILES.PROFILE_DATE ORDER BY PROFILES.PROFILE_DATE DESC",37.800,2.124,0.056,IMPROVEMENT
2026-09-13T12:46:11.0588406,InTest,simple in on btree index,"SELECT ID, NAME FROM USERS WHERE AGE IN (50, 51, 52)",9.970,0.119,0.012,IMPROVEMENT
2026-09-13T12:46:11.0598414,JoinTest,simple inner join on primary key,"SELECT USERS.ID, USERS.NAME, USER_DETAILS.INFO FROM USERS INNER JOIN USER_DETAILS ON USERS.ID = USER_DETAILS.USER_ID WHERE USERS.ID IN (50, 51, 52)",32.650,0.927,0.028,IMPROVEMENT
2026-09-13T12:46:11.06084,LikeTest,simple like on name,"SELECT ID, NAME FROM USERS WHERE NAME LIKE '%er50' AND NAME LIKE '%User50%' AND NAME LIKE 'User50%'",35.730,0.354,0.010,IMPROVEMENT
2026-09-13T12:46:11.0628403,OrderByTest,simple order by age desc,"SELECT ID, AGE FROM USERS ORDER BY AGE DESC",4.530,0.421,0.093,IMPROVEMENT
2026-09-13T12:46:11.0638421,PerformanceTest,simple select clustered index,"SELECT NAME, AGE FROM USERS WHERE USER_CODE = 'CODE50'",11.510,0.090,0.008,IMPROVEMENT
2026-09-13T12:46:11.0648398,SubqueriesTest,complex subquery in column where group by having,"SELECT (SELECT NAME FROM USERS WHERE ID = u.ID LIMIT 1) AS user_name, COUNT(*) AS user_count FROM USERS u WHERE AGE > (SELECT AGE FROM USERS WHERE ID = 50 LIMIT 1) GROUP BY (SELECT NAME FROM USERS WHERE ID = u.ID LIMIT 1) HAVING COUNT(*) > (SELECT ID FROM USERS WHERE ID = 1 LIMIT 1) LIMIT 10",250.660,44.435,0.177,IMPROVEMENT
2026-09-13T12:56:23.541152,AdvancedTest,simple select by primary key,"SELECT ID, NAME FROM USERS WHERE ID = 50",12.340,0.107,0.009,IMPROVEMENT
2026-09-13T12:56:23.543153,AliasesTest,complex select min max avg with join and group by,"SELECT u.NAME userName, t.TRANS_DATE transDate, MIN(u.AGE) minAge, MAX(u.AGE) maxAge, AVG(u.AGE) avgAge FROM USERS u INNER JOIN TRANSACTIONS t ON u.ID = t.USER_ID GROUP BY userName, transDate ORDER BY transDate DESC",59.990,1.808,0.030,IMPROVEMENT
2026-09-13T12:56:23.5441539,GroupByTest,simple group by sum count,"SELECT NAME, SUM(AGE), COUNT(AGE) FROM USERS GROUP BY NAME",5.280,0.658,0.125,IMPROVEMENT
2026-09-13T12:56:23.5441539,GroupByTest,complex group by join string date,"SELECT USERS.NAME, PROFILES.PROFILE_DATE, SUM(USERS.BALANCE), COUNT(USERS.BALANCE) FROM USERS INNER JOIN PROFILES ON USERS.ID = PROFILES.USER_ID GROUP BY USERS.NAME, PROFILES.PROFILE_DATE ORDER BY PROFILES.PROFILE_DATE DESC",37.800,2.198,0.058,IMPROVEMENT
2026-09-13T12:56:23.5451529,InTest,simple in on btree index,"SELECT ID, NAME FROM USERS WHERE AGE IN (50, 51, 52)",9.970,0.122,0.012,IMPROVEMENT
2026-09-13T12:56:23.5461526,JoinTest,simple inner join on primary key,"SELECT USERS.ID, USERS.NAME, USER_DETAILS.INFO FROM USERS INNER JOIN USER_DETAILS ON USERS.ID = USER_DETAILS.USER_ID WHERE USERS.ID IN (50, 51, 52)",32.650,0.683,0.021,IMPROVEMENT
2026-09-13T12:56:23.5471546,LikeTest,simple like on name,"SELECT ID, NAME FROM USERS WHERE NAME LIKE '%er50' AND NAME LIKE '%User50%' AND NAME LIKE 'User50%'",35.730,0.306,0.009,IMPROVEMENT
2026-09-13T12:56:23.5481549,OrderByTest,simple order by age desc,"SELECT ID, AGE FROM USERS ORDER BY AGE DESC",4.530,0.346,0.076,IMPROVEMENT
2026-09-13T12:56:23.5491521,PerformanceTest,simple select clustered index,"SELECT NAME, AGE FROM USERS WHERE USER_CODE = 'CODE50'",11.510,0.088,0.008,IMPROVEMENT
2026-09-13T12:56:23.5491521,SubqueriesTest,complex subquery in column where group by having,"SELECT (SELECT NAME FROM USERS WHERE ID = u.ID LIMIT 1) AS user_name, COUNT(*) AS user_count FROM USERS u WHERE AGE > (SELECT AGE FROM USERS WHERE ID = 50 LIMIT 1) GROUP BY (SELECT NAME FROM USERS WHERE ID = u.ID LIMIT 1) HAVING COUNT(*) > (SELECT ID FROM USERS WHERE ID = 1 LIMIT 1) LIMIT 10",250.660,45.871,0.183,IMPROVEMENT
2026-09-13T13:02:35.3284146,AdvancedTest,simple select by primary key,"SELECT ID, NAME FROM USERS WHERE ID = 50",12.340,0.178,0.014,IMPROVEMENT
2026-09-13T13:02:35.3304102,AliasesTest,complex select min max avg with join and group by,"SELECT u.NAME userName, t.TRANS_DATE transDate, MIN(u.AGE) minAge, MAX(u.AGE) maxAge, AVG(u.AGE) avgAge FROM USERS u INNER JOIN TRANSACTIONS t ON u.ID = t.USER_ID GROUP BY userName, transDate ORDER BY transDate DESC",59.990,3.013,0.050,IMPROVEMENT
2026-09-13T13:02:35.3334251,GroupByTest,simple group by sum count,"SELECT NAME, SUM(AGE), COUNT(AGE) FROM USERS GROUP BY NAME",5.280,1.162,0.220,IMPROVEMENT
2026-09-13T13:02:35.3366811,GroupByTest,complex group by join string date,"SELECT USERS.NAME, PROFILES.PROFILE_DATE, SUM(USERS.BALANCE), COUNT(USERS.BALANCE) FROM USERS INNER JOIN PROFILES ON USERS.ID = PROFILES.USER_ID GROUP BY USERS.NAME, PROFILES.PROFILE_DATE ORDER BY PROFILES.PROFILE_DATE DESC",37.800,2.445,0.065,IMPROVEMENT
2026-09-13T13:02:35.337681,InTest,simple in on btree index,"SELECT ID, NAME FROM USERS WHERE AGE IN (50, 51, 52)",9.970,0.178,0.018,IMPROVEMENT
2026-09-13T13:02:35.3386802,JoinTest,simple inner join on primary key,"SELECT USERS.ID, USERS.NAME, USER_DETAILS.INFO FROM USERS INNER JOIN USER_DETAILS ON USERS.ID = USER_DETAILS.USER_ID WHERE USERS.ID IN (50, 51, 52)",32.650,1.118,0.034,IMPROVEMENT
2026-09-13T13:02:35.3406865,LikeTest,simple like on name,"SELECT ID, NAME FROM USERS WHERE NAME LIKE '%er50' AND NAME LIKE '%User50%' AND NAME LIKE 'User50%'",35.730,1.277,0.036,IMPROVEMENT
2026-09-13T13:02:35.3416848,OrderByTest,simple order by age desc,"SELECT ID, AGE FROM USERS ORDER BY AGE DESC",4.530,0.508,0.112,IMPROVEMENT
2026-09-13T13:02:35.3426793,PerformanceTest,simple select clustered index,"SELECT NAME, AGE FROM USERS WHERE USER_CODE = 'CODE50'",11.510,0.122,0.011,IMPROVEMENT
2026-09-13T13:02:35.3446805,SubqueriesTest,complex subquery in column where group by having,"SELECT (SELECT NAME FROM USERS WHERE ID = u.ID LIMIT 1) AS user_name, COUNT(*) AS user_count FROM USERS u WHERE AGE > (SELECT AGE FROM USERS WHERE ID = 50 LIMIT 1) GROUP BY (SELECT NAME FROM USERS WHERE ID = u.ID LIMIT 1) HAVING COUNT(*) > (SELECT ID FROM USERS WHERE ID = 1 LIMIT 1) LIMIT 10",250.660,47.236,0.188,IMPROVEMENT
2026-09-13T13:04:21.1282939,AdvancedTest,simple select by primary key,"SELECT ID, NAME FROM USERS WHERE ID = 50",12.340,0.139,0.011,IMPROVEMENT
2026-09-13T13:04:21.130297,AliasesTest,complex select min max avg with join and group by,"SELECT u.NAME userName, t.TRANS_DATE transDate, MIN(u.AGE) minAge, MAX(u.AGE) maxAge, AVG(u.AGE) avgAge FROM USERS u INNER JOIN TRANSACTIONS t ON u.ID = t.USER_ID GROUP BY userName, transDate ORDER BY transDate DESC",59.990,1.624,0.027,IMPROVEMENT
2026-09-13T13:04:21.130297,GroupByTest,simple group by sum count,"SELECT NAME, SUM(AGE), COUNT(AGE) FROM USERS GROUP BY NAME",5.280,0.628,0.119,IMPROVEMENT
2026-09-13T13:04:21.1322998,GroupByTest,complex group by join string date,"SELECT USERS.NAME, PROFILES.PROFILE_DATE, SUM(USERS.BALANCE), COUNT(USERS.BALANCE) FROM USERS INNER JOIN PROFILES ON USERS.ID = PROFILES.USER_ID GROUP BY USERS.NAME, PROFILES.PROFILE_DATE ORDER BY PROFILES.PROFILE_DATE DESC",37.800,2.250,0.060,IMPROVEMENT
2026-09-13T13:04:21.1343045,InTest,simple in on btree index,"SELECT ID, NAME FROM USERS WHERE AGE IN (50, 51, 52)",9.970,0.132,0.013,IMPROVEMENT
2026-09-13T13:04:21.1343045,JoinTest,simple inner join on primary key,"SELECT USERS.ID, USERS.NAME, USER_DETAILS.INFO FROM USERS INNER JOIN USER_DETAILS ON USERS.ID = USER_DETAILS.USER_ID WHERE USERS.ID IN (50, 51, 52)",32.650,0.866,0.027,IMPROVEMENT
2026-09-13T13:04:21.1352991,LikeTest,simple like on name,"SELECT ID, NAME FROM USERS WHERE NAME LIKE '%er50' AND NAME LIKE '%User50%' AND NAME LIKE 'User50%'",35.730,0.970,0.027,IMPROVEMENT
2026-09-13T13:04:21.1362958,OrderByTest,simple order by age desc,"SELECT ID, AGE FROM USERS ORDER BY AGE DESC",4.530,0.618,0.136,IMPROVEMENT
2026-09-13T13:04:21.1372975,PerformanceTest,simple select clustered index,"SELECT NAME, AGE FROM USERS WHERE USER_CODE = 'CODE50'",11.510,0.101,0.009,IMPROVEMENT
2026-09-13T13:04:21.1382962,SubqueriesTest,complex subquery in column where group by having,"SELECT (SELECT NAME FROM USERS WHERE ID = u.ID LIMIT 1) AS user_name, COUNT(*) AS user_count FROM USERS u WHERE AGE > (SELECT AGE FROM USERS WHERE ID = 50 LIMIT 1) GROUP BY (SELECT NAME FROM USERS WHERE ID = u.ID LIMIT 1) HAVING COUNT(*) > (SELECT ID FROM USERS WHERE ID = 1 LIMIT 1) LIMIT 10",250.660,44.492,0.177,IMPROVEMENT
2026-09-13T13:18:43.3484155,AdvancedTest,simple select by primary key,"SELECT ID, NAME FROM USERS WHERE ID = 50",12.340,0.947,0.077,IMPROVEMENT
2026-09-13T13:18:43.3504179,AliasesTest,complex select min max avg with join and group by,"SELECT u.NAME userName, t.TRANS_DATE transDate, MIN(u.AGE) minAge, MAX(u.AGE) maxAge, AVG(u.AGE) avgAge FROM USERS u INNER JOIN TRANSACTIONS t ON u.ID = t.USER_ID GROUP BY userName, transDate ORDER BY transDate DESC",59.990,7.778,0.130,IMPROVEMENT
2026-09-13T13:18:43.3534199,GroupByTest,simple group by sum count,"SELECT NAME, SUM(AGE), COUNT(AGE) FROM USERS GROUP BY NAME",5.280,2.870,0.544,IMPROVEMENT
2026-09-13T13:18:43.3544203,GroupByTest,complex group by join string date,"SELECT USERS.NAME, PROFILES.PROFILE_DATE, SUM(USERS.BALANCE), COUNT(USERS.BALANCE) FROM USERS INNER JOIN PROFILES ON USERS.ID = PROFILES.USER_ID GROUP BY USERS.NAME, PROFILES.PROFILE_DATE ORDER BY PROFILES.PROFILE_DATE DESC",37.800,7.376,0.195,IMPROVEMENT
2026-09-13T13:18:43.3574348,InTest,simple in on btree index,"SELECT ID, NAME FROM USERS WHERE AGE IN (50, 51, 52)",9.970,6.153,0.617,IMPROVEMENT
2026-09-13T13:18:43.3594278,JoinTest,simple inner join on primary key,"SELECT USERS.ID, USERS.NAME, USER_DETAILS.INFO FROM USERS INNER JOIN USER_DETAILS ON USERS.ID = USER_DETAILS.USER_ID WHERE USERS.ID IN (50, 51, 52)",32.650,4.506,0.138,IMPROVEMENT
2026-09-13T13:18:43.361429,LikeTest,simple like on name,"SELECT ID, NAME FROM USERS WHERE NAME LIKE '%er50' AND NAME LIKE '%User50%' AND NAME LIKE 'User50%'",35.730,1.936,0.054,IMPROVEMENT
2026-09-13T13:18:43.363429,OrderByTest,simple order by age desc,"SELECT ID, AGE FROM USERS ORDER BY AGE DESC",4.530,2.120,0.468,IMPROVEMENT
2026-09-13T13:18:43.3644306,PerformanceTest,simple select clustered index,"SELECT NAME, AGE FROM USERS WHERE USER_CODE = 'CODE50'",11.510,0.888,0.077,IMPROVEMENT
2026-09-13T13:18:43.3654279,SubqueriesTest,complex subquery in column where group by having,"SELECT (SELECT NAME FROM USERS WHERE ID = u.ID LIMIT 1) AS user_name, COUNT(*) AS user_count FROM USERS u WHERE AGE > (SELECT AGE FROM USERS WHERE ID = 50 LIMIT 1) GROUP BY (SELECT NAME FROM USERS WHERE ID = u.ID LIMIT 1) HAVING COUNT(*) > (SELECT ID FROM USERS WHERE ID = 1 LIMIT 1) LIMIT 10",250.660,182.972,0.730,IMPROVEMENT
2026-09-13T13:28:08.9125514,AdvancedTest,simple select by primary key,"SELECT ID, NAME FROM USERS WHERE ID = 50",12.340,0.090,0.007,IMPROVEMENT
2026-09-13T13:28:08.9145468,AliasesTest,complex select min max avg with join and group by,"SELECT u.NAME userName, t.TRANS_DATE transDate, MIN(u.AGE) minAge, MAX(u.AGE) maxAge, AVG(u.AGE) avgAge FROM USERS u INNER JOIN TRANSACTIONS t ON u.ID = t.USER_ID GROUP BY userName, transDate ORDER BY transDate DESC",59.990,1.352,0.023,IMPROVEMENT
2026-09-13T13:28:08.9155646,GroupByTest,simple group by sum count,"SELECT NAME, SUM(AGE), COUNT(AGE) FROM USERS GROUP BY NAME",5.280,0.624,0.118,IMPROVEMENT
2026-09-13T13:28:08.9175621,GroupByTest,complex group by join string date,"SELECT USERS.NAME, PROFILES.PROFILE_DATE, SUM(USERS.BALANCE), COUNT(USERS.BALANCE) FROM USERS INNER JOIN PROFILES ON USERS.ID = PROFILES.USER_ID GROUP BY USERS.NAME, PROFILES.PROFILE_DATE ORDER BY PROFILES.PROFILE_DATE DESC",37.800,1.672,0.044,IMPROVEMENT
2026-09-13T13:28:08.9185608,InTest,simple in on btree index,"SELECT ID, NAME FROM USERS WHERE AGE IN (50, 51, 52)",9.970,0.086,0.009,IMPROVEMENT
2026-09-13T13:28:08.9195629,JoinTest,simple inner join on primary key,"SELECT USERS.ID, USERS.NAME, USER_DETAILS.INFO FROM USERS INNER JOIN USER_DETAILS ON USERS.ID = USER_DETAILS.USER_ID WHERE USERS.ID IN (50, 51, 52)",32.650,0.405,0.012,IMPROVEMENT
2026-09-13T13:28:08.9205681,LikeTest,simple like on name,"SELECT ID, NAME FROM USERS WHERE NAME LIKE '%er50' AND NAME LIKE '%User50%' AND NAME LIKE 'User50%'",35.730,0.251,0.007,IMPROVEMENT
2026-09-13T13:28:08.9225595,OrderByTest,simple order by age desc,"SELECT ID, AGE FROM USERS ORDER BY AGE DESC",4.530,0.317,0.070,IMPROVEMENT
2026-09-13T13:28:08.923565,PerformanceTest,simple select clustered index,"SELECT NAME, AGE FROM USERS WHERE USER_CODE = 'CODE50'",11.510,0.088,0.008,IMPROVEMENT
2026-09-13T13:28:08.923565,SubqueriesTest,complex subquery in column where group by having,"SELECT (SELECT NAME FROM USERS WHERE ID = u.ID LIMIT 1) AS user_name, COUNT(*) AS user_count FROM USERS u WHERE AGE > (SELECT AGE FROM USERS WHERE ID = 50 LIMIT 1) GROUP BY (SELECT NAME FROM USERS WHERE ID = u.ID LIMIT 1) HAVING COUNT(*) > (SELECT ID FROM USERS WHERE ID = 1 LIMIT 1) LIMIT 10",250.660,41.044,0.164,IMPROVEMENT
2026-09-13T13:49:18.7719482,AdvancedTest,simple select by primary key,"SELECT ID, NAME FROM USERS WHERE ID = 50",12.340,0.836,0.068,IMPROVEMENT
2026-09-13T13:49:18.7759516,AliasesTest,complex select min max avg with join and group by,"SELECT u.NAME userName, t.TRANS_DATE transDate, MIN(u.AGE) minAge, MAX(u.AGE) maxAge, AVG(u.AGE) avgAge FROM USERS u INNER JOIN TRANSACTIONS t ON u.ID = t.USER_ID GROUP BY userName, transDate ORDER BY transDate DESC",59.990,5.766,0.096,IMPROVEMENT
2026-09-13T13:49:18.7779525,GroupByTest,simple group by sum count,"SELECT NAME, SUM(AGE), COUNT(AGE) FROM USERS GROUP BY NAME",5.280,3.122,0.591,IMPROVEMENT
2026-09-13T13:49:18.7819551,GroupByTest,complex group by join string date,"SELECT USERS.NAME, PROFILES.PROFILE_DATE, SUM(USERS.BALANCE), COUNT(USERS.BALANCE) FROM USERS INNER JOIN PROFILES ON USERS.ID = PROFILES.USER_ID GROUP BY USERS.NAME, PROFILES.PROFILE_DATE ORDER BY PROFILES.PROFILE_DATE DESC",37.800,5.606,0.148,IMPROVEMENT
2026-09-13T13:49:18.7839514,InTest,simple in on btree index,"SELECT ID, NAME FROM USERS WHERE AGE IN (50, 51, 52)",9.970,1.071,0.107,IMPROVEMENT
2026-09-13T13:49:18.7859546,JoinTest,simple inner join on primary key,"SELECT USERS.ID, USERS.NAME, USER_DETAILS.INFO FROM USERS INNER JOIN USER_DETAILS ON USERS.ID = USER_DETAILS.USER_ID WHERE USERS.ID IN (50, 51, 52)",32.650,2.974,0.091,IMPROVEMENT
2026-09-13T13:49:18.7879505,LikeTest,simple like on name,"SELECT ID, NAME FROM USERS WHERE NAME LIKE '%er50' AND NAME LIKE '%User50%' AND NAME LIKE 'User50%'",35.730,1.267,0.035,IMPROVEMENT
2026-09-13T13:49:18.7889502,OrderByTest,simple order by age desc,"SELECT ID, AGE FROM USERS ORDER BY AGE DESC",4.530,1.533,0.338,IMPROVEMENT
2026-09-13T13:49:18.7899497,PerformanceTest,simple select clustered index,"SELECT NAME, AGE FROM USERS WHERE USER_CODE = 'CODE50'",11.510,0.451,0.039,IMPROVEMENT
2026-09-13T13:49:18.7929547,SubqueriesTest,complex subquery in column where group by having,"SELECT (SELECT NAME FROM USERS WHERE ID = u.ID LIMIT 1) AS user_name, COUNT(*) AS user_count FROM USERS u WHERE AGE > (SELECT AGE FROM USERS WHERE ID = 50 LIMIT 1) GROUP BY (SELECT NAME FROM USERS WHERE ID = u.ID LIMIT 1) HAVING COUNT(*) > (SELECT ID FROM USERS WHERE ID = 1 LIMIT 1) LIMIT 10",250.660,109.287,0.436,IMPROVEMENT
2026-09-13T14:14:45.2450906,AdvancedTest,simple select by primary key,"SELECT ID, NAME FROM USERS WHERE ID = 50",12.340,0.110,0.009,IMPROVEMENT
2026-09-13T14:14:45.2470923,AliasesTest,complex select min max avg with join and group by,"SELECT u.NAME userName, t.TRANS_DATE transDate, MIN(u.AGE) minAge, MAX(u.AGE) maxAge, AVG(u.AGE) avgAge FROM USERS u INNER JOIN TRANSACTIONS t ON u.ID = t.USER_ID GROUP BY userName, transDate ORDER BY transDate DESC",59.990,1.465,0.024,IMPROVEMENT
2026-09-13T14:14:45.2488992,GroupByTest,simple group by sum count,"SELECT NAME, SUM(AGE), COUNT(AGE) FROM USERS GROUP BY NAME",5.280,0.580,0.110,IMPROVEMENT
2026-09-13T14:14:45.2499465,GroupByTest,complex group by join string date,"SELECT USERS.NAME, PROFILES.PROFILE_DATE, SUM(USERS.BALANCE), COUNT(USERS.BALANCE) FROM USERS INNER JOIN PROFILES ON USERS.ID = PROFILES.USER_ID GROUP BY USERS.NAME, PROFILES.PROFILE_DATE ORDER BY PROFILES.PROFILE_DATE DESC",37.800,1.980,0.052,IMPROVEMENT
2026-09-13T14:14:45.2510341,InTest,simple in on btree index,"SELECT ID, NAME FROM USERS WHERE AGE IN (50, 51, 52)",9.970,0.113,0.011,IMPROVEMENT
2026-09-13T14:14:45.2520748,JoinTest,simple inner join on primary key,"SELECT USERS.ID, USERS.NAME, USER_DETAILS.INFO FROM USERS INNER JOIN USER_DETAILS ON USERS.ID = USER_DETAILS.USER_ID WHERE USERS.ID IN (50, 51, 52)",32.650,0.620,0.019,IMPROVEMENT
2026-09-13T14:14:45.2531303,LikeTest,simple like on name,"SELECT ID, NAME FROM USERS WHERE NAME LIKE '%er50' AND NAME LIKE '%User50%' AND NAME LIKE 'User50%'",35.730,0.237,0.007,IMPROVEMENT
2026-09-13T14:14:45.2542359,OrderByTest,simple order by age desc,"SELECT ID, AGE FROM USERS ORDER BY AGE DESC",4.530,0.458,0.101,IMPROVEMENT
2026-09-13T14:14:45.255332,PerformanceTest,simple select clustered index,"SELECT NAME, AGE FROM USERS WHERE USER_CODE = 'CODE50'",11.510,0.094,0.008,IMPROVEMENT
2026-09-13T14:14:45.256446,SubqueriesTest,complex subquery in column where group by having,"SELECT (SELECT NAME FROM USERS WHERE ID = u.ID LIMIT 1) AS user_name, COUNT(*) AS user_count FROM USERS u WHERE AGE > (SELECT AGE FROM USERS WHERE ID = 50 LIMIT 1) GROUP BY (SELECT NAME FROM USERS WHERE ID = u.ID LIMIT 1) HAVING COUNT(*) > (SELECT ID FROM USERS WHERE ID = 1 LIMIT 1) LIMIT 10",250.660,38.833,0.155,IMPROVEMENT
2026-09-13T14:17:35.5951683,AdvancedTest,simple select by primary key,"SELECT ID, NAME FROM USERS WHERE ID = 50",12.340,0.124,0.010,IMPROVEMENT
2026-09-13T14:17:35.5971713,AliasesTest,complex select min max avg with join and group by,"SELECT u.NAME userName, t.TRANS_DATE transDate, MIN(u.AGE) minAge, MAX(u.AGE) maxAge, AVG(u.AGE) avgAge FROM USERS u INNER JOIN TRANSACTIONS t ON u.ID = t.USER_ID GROUP BY userName, transDate ORDER BY transDate DESC",59.990,1.778,0.030,IMPROVEMENT
2026-09-13T14:17:35.5981695,GroupByTest,simple group by sum count,"SELECT NAME, SUM(AGE), COUNT(AGE) FROM USERS GROUP BY NAME",5.280,1.048,0.199,IMPROVEMENT
2026-09-13T14:17:35.599172,GroupByTest,complex group by join string date,"SELECT USERS.NAME, PROFILES.PROFILE_DATE, SUM(USERS.BALANCE), COUNT(USERS.BALANCE) FROM USERS INNER JOIN PROFILES ON USERS.ID = PROFILES.USER_ID GROUP BY USERS.NAME, PROFILES.PROFILE_DATE ORDER BY PROFILES.PROFILE_DATE DESC",37.800,2.438,0.064,IMPROVEMENT
2026-09-13T14:17:35.6001716,InTest,simple in on btree index,"SELECT ID, NAME FROM USERS WHERE AGE IN (50, 51, 52)",9.970,0.506,0.051,IMPROVEMENT
2026-09-13T14:17:35.6021717,JoinTest,simple inner join on primary key,"SELECT USERS.ID, USERS.NAME, USER_DETAILS.INFO FROM USERS INNER JOIN USER_DETAILS ON USERS.ID = USER_DETAILS.USER_ID WHERE USERS.ID IN (50, 51, 52)",32.650,1.156,0.035,IMPROVEMENT
2026-09-13T14:17:35.607176,LikeTest,simple like on name,"SELECT ID, NAME FROM USERS WHERE NAME LIKE '%er50' AND NAME LIKE '%User50%' AND NAME LIKE 'User50%'",35.730,0.302,0.008,IMPROVEMENT
2026-09-13T14:17:35.6081739,OrderByTest,simple order by age desc,"SELECT ID, AGE FROM USERS ORDER BY AGE DESC",4.530,0.923,0.204,IMPROVEMENT
2026-09-13T14:17:35.6091732,PerformanceTest,simple select clustered index,"SELECT NAME, AGE FROM USERS WHERE USER_CODE = 'CODE50'",11.510,0.120,0.010,IMPROVEMENT
2026-09-13T14:17:35.6101727,SubqueriesTest,complex subquery in column where group by having,"SELECT (SELECT NAME FROM USERS WHERE ID = u.ID LIMIT 1) AS user_name, COUNT(*) AS user_count FROM USERS u WHERE AGE > (SELECT AGE FROM USERS WHERE ID = 50 LIMIT 1) GROUP BY (SELECT NAME FROM USERS WHERE ID = u.ID LIMIT 1) HAVING COUNT(*) > (SELECT ID FROM USERS WHERE ID = 1 LIMIT 1) LIMIT 10",250.660,55.851,0.223,IMPROVEMENT
2026-09-13T16:17:08.427016,AdvancedTest,simple select by primary key,"SELECT ID, NAME FROM USERS WHERE ID = 50",12.340,0.083,0.007,IMPROVEMENT
2026-09-13T16:17:08.4300156,AliasesTest,complex select min max avg with join and group by,"SELECT u.NAME userName, t.TRANS_DATE transDate, MIN(u.AGE) minAge, MAX(u.AGE) maxAge, AVG(u.AGE) avgAge FROM USERS u INNER JOIN TRANSACTIONS t ON u.ID = t.USER_ID GROUP BY userName, transDate ORDER BY transDate DESC",59.990,1.762,0.029,IMPROVEMENT
2026-09-13T16:17:08.4410319,GroupByTest,simple group by sum count,"SELECT NAME, SUM(AGE), COUNT(AGE) FROM USERS GROUP BY NAME",5.280,0.687,0.130,IMPROVEMENT
2026-09-13T16:17:08.4460129,GroupByTest,complex group by join string date,"SELECT USERS.NAME, PROFILES.PROFILE_DATE, SUM(USERS.BALANCE), COUNT(USERS.BALANCE) FROM USERS INNER JOIN PROFILES ON USERS.ID = PROFILES.USER_ID GROUP BY USERS.NAME, PROFILES.PROFILE_DATE ORDER BY PROFILES.PROFILE_DATE DESC",37.800,1.783,0.047,IMPROVEMENT
2026-09-13T16:17:08.448014,InTest,simple in on btree index,"SELECT ID, NAME FROM USERS WHERE AGE IN (50, 51, 52)",9.970,0.090,0.009,IMPROVEMENT
2026-09-13T16:17:08.4530283,JoinTest,simple inner join on primary key,"SELECT USERS.ID, USERS.NAME, USER_DETAILS.INFO FROM USERS INNER JOIN USER_DETAILS ON USERS.ID = USER_DETAILS.USER_ID WHERE USERS.ID IN (50, 51, 52)",32.650,0.441,0.014,IMPROVEMENT
2026-09-13T16:17:08.456026,LikeTest,simple like on name,"SELECT ID, NAME FROM USERS WHERE NAME LIKE '%er50' AND NAME LIKE '%User50%' AND NAME LIKE 'User50%'",35.730,0.215,0.006,IMPROVEMENT
2026-09-13T16:17:08.4570308,OrderByTest,simple order by age desc,"SELECT ID, AGE FROM USERS ORDER BY AGE DESC",4.530,0.326,0.072,IMPROVEMENT
2026-09-13T16:17:08.4580252,PerformanceTest,simple select clustered index,"SELECT NAME, AGE FROM USERS WHERE USER_CODE = 'CODE50'",11.510,0.086,0.007,IMPROVEMENT
2026-09-13T16:17:08.4580252,SubqueriesTest,complex subquery in column where group by having,"SELECT (SELECT NAME FROM USERS WHERE ID = u.ID LIMIT 1) AS user_name, COUNT(*) AS user_count FROM USERS u WHERE AGE > (SELECT AGE FROM USERS WHERE ID = 50 LIMIT 1) GROUP BY (SELECT NAME FROM USERS WHERE ID = u.ID LIMIT 1) HAVING COUNT(*) > (SELECT ID FROM USERS WHERE ID = 1 LIMIT 1) LIMIT 10",250.660,76.164,0.304,IMPROVEMENT
2026-09-13T16:50:59.7711858,AdvancedTest,simple select by primary key,"SELECT ID, NAME FROM USERS WHERE ID = 50",12.340,0.084,0.007,IMPROVEMENT
2026-09-13T16:50:59.7737062,AliasesTest,complex select min max avg with join and group by,"SELECT u.NAME userName, t.TRANS_DATE transDate, MIN(u.AGE) minAge, MAX(u.AGE) maxAge, AVG(u.AGE) avgAge FROM USERS u INNER JOIN TRANSACTIONS t ON u.ID = t.USER_ID GROUP BY userName, transDate ORDER BY transDate DESC",59.990,1.467,0.024,IMPROVEMENT
2026-09-13T16:50:59.7752386,GroupByTest,simple group by sum count,"SELECT NAME, SUM(AGE), COUNT(AGE) FROM USERS GROUP BY NAME",5.280,0.544,0.103,IMPROVEMENT
2026-09-13T16:50:59.7757463,GroupByTest,complex group by join string date,"SELECT USERS.NAME, PROFILES.PROFILE_DATE, SUM(USERS.BALANCE), COUNT(USERS.BALANCE) FROM USERS INNER JOIN PROFILES ON USERS.ID = PROFILES.USER_ID GROUP BY USERS.NAME, PROFILES.PROFILE_DATE ORDER BY PROFILES.PROFILE_DATE DESC",37.800,2.122,0.056,IMPROVEMENT
2026-09-13T16:50:59.7767581,InTest,simple in on btree index,"SELECT ID, NAME FROM USERS WHERE AGE IN (50, 51, 52)",9.970,0.150,0.015,IMPROVEMENT
2026-09-13T16:50:59.7777607,JoinTest,simple inner join on primary key,"SELECT USERS.ID, USERS.NAME, USER_DETAILS.INFO FROM USERS INNER JOIN USER_DETAILS ON USERS.ID = USER_DETAILS.USER_ID WHERE USERS.ID IN (50, 51, 52)",32.650,0.621,0.019,IMPROVEMENT
2026-09-13T16:50:59.7787569,LikeTest,simple like on name,"SELECT ID, NAME FROM USERS WHERE NAME LIKE '%er50' AND NAME LIKE '%User50%' AND NAME LIKE 'User50%'",35.730,0.209,0.006,IMPROVEMENT
2026-09-13T16:50:59.7807571,OrderByTest,simple order by age desc,"SELECT ID, AGE FROM USERS ORDER BY AGE DESC",4.530,0.487,0.108,IMPROVEMENT
2026-09-13T16:50:59.7817615,PerformanceTest,simple select clustered index,"SELECT NAME, AGE FROM USERS WHERE USER_CODE = 'CODE50'",11.510,0.118,0.010,IMPROVEMENT
2026-09-13T16:50:59.7827599,SubqueriesTest,complex subquery in column where group by having,"SELECT (SELECT NAME FROM USERS WHERE ID = u.ID LIMIT 1) AS user_name, COUNT(*) AS user_count FROM USERS u WHERE AGE > (SELECT AGE FROM USERS WHERE ID = 50 LIMIT 1) GROUP BY (SELECT NAME FROM USERS WHERE ID = u.ID LIMIT 1) HAVING COUNT(*) > (SELECT ID FROM USERS WHERE ID = 1 LIMIT 1) LIMIT 10",250.660,46.639,0.186,IMPROVEMENT
2026-09-13T16:53:55.9923535,AdvancedTest,simple select by primary key,"SELECT ID, NAME FROM USERS WHERE ID = 50",12.340,0.106,0.009,IMPROVEMENT
2026-09-13T16:53:55.9943548,AliasesTest,complex select min max avg with join and group by,"SELECT u.NAME userName, t.TRANS_DATE transDate, MIN(u.AGE) minAge, MAX(u.AGE) maxAge, AVG(u.AGE) avgAge FROM USERS u INNER JOIN TRANSACTIONS t ON u.ID = t.USER_ID GROUP BY userName, transDate ORDER BY transDate DESC",59.990,1.570,0.026,IMPROVEMENT
2026-09-13T16:53:55.9973571,GroupByTest,simple group by sum count,"SELECT NAME, SUM(AGE), COUNT(AGE) FROM USERS GROUP BY NAME",5.280,0.626,0.118,IMPROVEMENT
2026-09-13T16:53:55.9983555,GroupByTest,complex group by join string date,"SELECT USERS.NAME, PROFILES.PROFILE_DATE, SUM(USERS.BALANCE), COUNT(USERS.BALANCE) FROM USERS INNER JOIN PROFILES ON USERS.ID = PROFILES.USER_ID GROUP BY USERS.NAME, PROFILES.PROFILE_DATE ORDER BY PROFILES.PROFILE_DATE DESC",37.800,2.399,0.063,IMPROVEMENT
2026-09-13T16:53:55.9993541,InTest,simple in on btree index,"SELECT ID, NAME FROM USERS WHERE AGE IN (50, 51, 52)",9.970,0.106,0.011,IMPROVEMENT
2026-09-13T16:53:56.0003553,JoinTest,simple inner join on primary key,"SELECT USERS.ID, USERS.NAME, USER_DETAILS.INFO FROM USERS INNER JOIN USER_DETAILS ON USERS.ID = USER_DETAILS.USER_ID WHERE USERS.ID IN (50, 51, 52)",32.650,0.590,0.018,IMPROVEMENT
2026-09-13T16:53:56.0013561,LikeTest,simple like on name,"SELECT ID, NAME FROM USERS WHERE NAME LIKE '%er50' AND NAME LIKE '%User50%' AND NAME LIKE 'User50%'",35.730,0.257,0.007,IMPROVEMENT
2026-09-13T16:53:56.0023565,OrderByTest,simple order by age desc,"SELECT ID, AGE FROM USERS ORDER BY AGE DESC",4.530,1.068,0.236,IMPROVEMENT
2026-09-13T16:53:56.0033542,PerformanceTest,simple select clustered index,"SELECT NAME, AGE FROM USERS WHERE USER_CODE = 'CODE50'",11.510,0.101,0.009,IMPROVEMENT
2026-09-13T16:53:56.0043584,SubqueriesTest,complex subquery in column where group by having,"SELECT (SELECT NAME FROM USERS WHERE ID = u.ID LIMIT 1) AS user_name, COUNT(*) AS user_count FROM USERS u WHERE AGE > (SELECT AGE FROM USERS WHERE ID = 50 LIMIT 1) GROUP BY (SELECT NAME FROM USERS WHERE ID = u.ID LIMIT 1) HAVING COUNT(*) > (SELECT ID FROM USERS WHERE ID = 1 LIMIT 1) LIMIT 10",250.660,97.765,0.390,IMPROVEMENT
2026-09-13T21:29:39.681943,AdvancedTest,simple select by primary key,"SELECT ID, NAME FROM USERS WHERE ID = 50",12.340,0.085,0.007,IMPROVEMENT
2026-09-13T21:29:39.6974684,AliasesTest,complex select min max avg with join and group by,"SELECT u.NAME userName, t.TRANS_DATE transDate, MIN(u.AGE) minAge, MAX(u.AGE) maxAge, AVG(u.AGE) avgAge FROM USERS u INNER JOIN TRANSACTIONS t ON u.ID = t.USER_ID GROUP BY userName, transDate ORDER BY transDate DESC",59.990,1.707,0.028,IMPROVEMENT
2026-09-13T21:29:39.7079944,GroupByTest,simple group by sum count,"SELECT NAME, SUM(AGE), COUNT(AGE) FROM USERS GROUP BY NAME",5.280,0.966,0.183,IMPROVEMENT
2026-09-13T21:29:39.7136614,GroupByTest,complex group by join string date,"SELECT USERS.NAME, PROFILES.PROFILE_DATE, SUM(USERS.BALANCE), COUNT(USERS.BALANCE) FROM USERS INNER JOIN PROFILES ON USERS.ID = PROFILES.USER_ID GROUP BY USERS.NAME, PROFILES.PROFILE_DATE ORDER BY PROFILES.PROFILE_DATE DESC",37.800,2.170,0.057,IMPROVEMENT
2026-09-13T21:29:39.7167062,InTest,simple in on btree index,"SELECT ID, NAME FROM USERS WHERE AGE IN (50, 51, 52)",9.970,0.192,0.019,IMPROVEMENT
2026-09-13T21:29:39.7217882,JoinTest,simple inner join on primary key,"SELECT USERS.ID, USERS.NAME, USER_DETAILS.INFO FROM USERS INNER JOIN USER_DETAILS ON USERS.ID = USER_DETAILS.USER_ID WHERE USERS.ID IN (50, 51, 52)",32.650,0.509,0.016,IMPROVEMENT
2026-09-13T21:29:39.7248352,LikeTest,simple like on name,"SELECT ID, NAME FROM USERS WHERE NAME LIKE '%er50' AND NAME LIKE '%User50%' AND NAME LIKE 'User50%'",35.730,0.720,0.020,IMPROVEMENT
2026-09-13T21:29:39.7493974,OrderByTest,simple order by age desc,"SELECT ID, AGE FROM USERS ORDER BY AGE DESC",4.530,0.719,0.159,IMPROVEMENT
2026-09-13T21:29:39.7725827,PerformanceTest,simple select clustered index,"SELECT NAME, AGE FROM USERS WHERE USER_CODE = 'CODE50'",11.510,0.140,0.012,IMPROVEMENT
2026-09-13T21:29:39.7745828,SubqueriesTest,complex subquery in column where group by having,"SELECT (SELECT NAME FROM USERS WHERE ID = u.ID LIMIT 1) AS user_name, COUNT(*) AS user_count FROM USERS u WHERE AGE > (SELECT AGE FROM USERS WHERE ID = 50 LIMIT 1) GROUP BY (SELECT NAME FROM USERS WHERE ID = u.ID LIMIT 1) HAVING COUNT(*) > (SELECT ID FROM USERS WHERE ID = 1 LIMIT 1) LIMIT 10",250.660,81.281,0.324,IMPROVEMENT
2026-09-13T21:48:00.6842449,AdvancedTest,simple select by primary key,"SELECT ID, NAME FROM USERS WHERE ID = 50",12.340,0.131,0.011,IMPROVEMENT
2026-09-13T21:48:00.6872475,AliasesTest,complex select min max avg with join and group by,"SELECT u.NAME userName, t.TRANS_DATE transDate, MIN(u.AGE) minAge, MAX(u.AGE) maxAge, AVG(u.AGE) avgAge FROM USERS u INNER JOIN TRANSACTIONS t ON u.ID = t.USER_ID GROUP BY userName, transDate ORDER BY transDate DESC",59.990,1.825,0.030,IMPROVEMENT
2026-09-13T21:48:00.6882436,GroupByTest,simple group by sum count,"SELECT NAME, SUM(AGE), COUNT(AGE) FROM USERS GROUP BY NAME",5.280,0.781,0.148,IMPROVEMENT
2026-09-13T21:48:00.6892445,GroupByTest,complex group by join string date,"SELECT USERS.NAME, PROFILES.PROFILE_DATE, SUM(USERS.BALANCE), COUNT(USERS.BALANCE) FROM USERS INNER JOIN PROFILES ON USERS.ID = PROFILES.USER_ID GROUP BY USERS.NAME, PROFILES.PROFILE_DATE ORDER BY PROFILES.PROFILE_DATE DESC",37.800,2.345,0.062,IMPROVEMENT
2026-09-13T21:48:00.6902436,InTest,simple in on btree index,"SELECT ID, NAME FROM USERS WHERE AGE IN (50, 51, 52)",9.970,0.131,0.013,IMPROVEMENT
2026-09-13T21:48:00.6912435,JoinTest,simple inner join on primary key,"SELECT USERS.ID, USERS.NAME, USER_DETAILS.INFO FROM USERS INNER JOIN USER_DETAILS ON USERS.ID = USER_DETAILS.USER_ID WHERE USERS.ID IN (50, 51, 52)",32.650,0.631,0.019,IMPROVEMENT
2026-09-13T21:48:00.6922455,LikeTest,simple like on name,"SELECT ID, NAME FROM USERS WHERE NAME LIKE '%er50' AND NAME LIKE '%User50%' AND NAME LIKE 'User50%'",35.730,0.331,0.009,IMPROVEMENT
2026-09-13T21:48:00.6942467,OrderByTest,simple order by age desc,"SELECT ID, AGE FROM USERS ORDER BY AGE DESC",4.530,0.468,0.103,IMPROVEMENT
2026-09-13T21:48:00.69525,PerformanceTest,simple select clustered index,"SELECT NAME, AGE FROM USERS WHERE USER_CODE = 'CODE50'",11.510,0.110,0.010,IMPROVEMENT
2026-09-13T21:48:00.696248,SubqueriesTest,complex subquery in column where group by having,"SELECT (SELECT NAME FROM USERS WHERE ID = u.ID LIMIT 1) AS user_name, COUNT(*) AS user_count FROM USERS u WHERE AGE > (SELECT AGE FROM USERS WHERE ID = 50 LIMIT 1) GROUP BY (SELECT NAME FROM USERS WHERE ID = u.ID LIMIT 1) HAVING COUNT(*) > (SELECT ID FROM USERS WHERE ID = 1 LIMIT 1) LIMIT 10",250.660,56.358,0.225,IMPROVEMENT
2026-09-13T22:01:52.96339,AdvancedTest,simple select by primary key,"SELECT ID, NAME FROM USERS WHERE ID = 50",12.340,0.100,0.008,IMPROVEMENT
2026-09-13T22:01:52.965389,AliasesTest,complex select min max avg with join and group by,"SELECT u.NAME userName, t.TRANS_DATE transDate, MIN(u.AGE) minAge, MAX(u.AGE) maxAge, AVG(u.AGE) avgAge FROM USERS u INNER JOIN TRANSACTIONS t ON u.ID = t.USER_ID GROUP BY userName, transDate ORDER BY transDate DESC",59.990,1.470,0.024,IMPROVEMENT
2026-09-13T22:01:52.969389,GroupByTest,simple group by sum count,"SELECT NAME, SUM(AGE), COUNT(AGE) FROM USERS GROUP BY NAME",5.280,0.691,0.131,IMPROVEMENT
2026-09-13T22:01:52.9723899,GroupByTest,complex group by join string date,"SELECT USERS.NAME, PROFILES.PROFILE_DATE, SUM(USERS.BALANCE), COUNT(USERS.BALANCE) FROM USERS INNER JOIN PROFILES ON USERS.ID = PROFILES.USER_ID GROUP BY USERS.NAME, PROFILES.PROFILE_DATE ORDER BY PROFILES.PROFILE_DATE DESC",37.800,1.997,0.053,IMPROVEMENT
2026-09-13T22:01:52.9783904,InTest,simple in on btree index,"SELECT ID, NAME FROM USERS WHERE AGE IN (50, 51, 52)",9.970,0.110,0.011,IMPROVEMENT
2026-09-13T22:01:52.9803959,JoinTest,simple inner join on primary key,"SELECT USERS.ID, USERS.NAME, USER_DETAILS.INFO FROM USERS INNER JOIN USER_DETAILS ON USERS.ID = USER_DETAILS.USER_ID WHERE USERS.ID IN (50, 51, 52)",32.650,0.558,0.017,IMPROVEMENT
2026-09-13T22:01:52.9813903,LikeTest,simple like on name,"SELECT ID, NAME FROM USERS WHERE NAME LIKE '%er50' AND NAME LIKE '%User50%' AND NAME LIKE 'User50%'",35.730,0.259,0.007,IMPROVEMENT
2026-09-13T22:01:52.9823899,OrderByTest,simple order by age desc,"SELECT ID, AGE FROM USERS ORDER BY AGE DESC",4.530,0.411,0.091,IMPROVEMENT
2026-09-13T22:01:52.9843888,PerformanceTest,simple select clustered index,"SELECT NAME, AGE FROM USERS WHERE USER_CODE = 'CODE50'",11.510,0.110,0.010,IMPROVEMENT
2026-09-13T22:01:52.9853908,SubqueriesTest,complex subquery in column where group by having,"SELECT (SELECT NAME FROM USERS WHERE ID = u.ID LIMIT 1) AS user_name, COUNT(*) AS user_count FROM USERS u WHERE AGE > (SELECT AGE FROM USERS WHERE ID = 50 LIMIT 1) GROUP BY (SELECT NAME FROM USERS WHERE ID = u.ID LIMIT 1) HAVING COUNT(*) > (SELECT ID FROM USERS WHERE ID = 1 LIMIT 1) LIMIT 10",250.660,48.852,0.195,IMPROVEMENT
2026-09-13T22:24:28.2992483,AdvancedTest,simple select by primary key,"SELECT ID, NAME FROM USERS WHERE ID = 50",12.340,0.087,0.007,IMPROVEMENT
2026-09-13T22:24:28.3022532,AliasesTest,complex select min max avg with join and group by,"SELECT u.NAME userName, t.TRANS_DATE transDate, MIN(u.AGE) minAge, MAX(u.AGE) maxAge, AVG(u.AGE) avgAge FROM USERS u INNER JOIN TRANSACTIONS t ON u.ID = t.USER_ID GROUP BY userName, transDate ORDER BY transDate DESC",59.990,1.334,0.022,IMPROVEMENT
2026-09-13T22:24:28.3032526,GroupByTest,simple group by sum count,"SELECT NAME, SUM(AGE), COUNT(AGE) FROM USERS GROUP BY NAME",5.280,0.551,0.104,IMPROVEMENT
2026-09-13T22:24:28.3047749,GroupByTest,complex group by join string date,"SELECT USERS.NAME, PROFILES.PROFILE_DATE, SUM(USERS.BALANCE), COUNT(USERS.BALANCE) FROM USERS INNER JOIN PROFILES ON USERS.ID = PROFILES.USER_ID GROUP BY USERS.NAME, PROFILES.PROFILE_DATE ORDER BY PROFILES.PROFILE_DATE DESC",37.800,1.746,0.046,IMPROVEMENT
2026-09-13T22:24:28.3057947,InTest,simple in on btree index,"SELECT ID, NAME FROM USERS WHERE AGE IN (50, 51, 52)",9.970,0.085,0.009,IMPROVEMENT
2026-09-13T22:24:28.3067871,JoinTest,simple inner join on primary key,"SELECT USERS.ID, USERS.NAME, USER_DETAILS.INFO FROM USERS INNER JOIN USER_DETAILS ON USERS.ID = USER_DETAILS.USER_ID WHERE USERS.ID IN (50, 51, 52)",32.650,0.414,0.013,IMPROVEMENT
2026-09-13T22:24:28.3087875,LikeTest,simple like on name,"SELECT ID, NAME FROM USERS WHERE NAME LIKE '%er50' AND NAME LIKE '%User50%' AND NAME LIKE 'User50%'",35.730,0.217,0.006,IMPROVEMENT
2026-09-13T22:24:28.3097911,OrderByTest,simple order by age desc,"SELECT ID, AGE FROM USERS ORDER BY AGE DESC",4.530,0.497,0.110,IMPROVEMENT
2026-09-13T22:24:28.3107901,PerformanceTest,simple select clustered index,"SELECT NAME, AGE FROM USERS WHERE USER_CODE = 'CODE50'",11.510,0.084,0.007,IMPROVEMENT
2026-09-13T22:24:28.3117975,SubqueriesTest,complex subquery in column where group by having,"SELECT (SELECT NAME FROM USERS WHERE ID = u.ID LIMIT 1) AS user_name, COUNT(*) AS user_count FROM USERS u WHERE AGE > (SELECT AGE FROM USERS WHERE ID = 50 LIMIT 1) GROUP BY (SELECT NAME FROM USERS WHERE ID = u.ID LIMIT 1) HAVING COUNT(*) > (SELECT ID FROM USERS WHERE ID = 1 LIMIT 1) LIMIT 10",250.660,36.651,0.146,IMPROVEMENT
2026-09-14T00:47:48.8572073,AdvancedTest,simple select by primary key,"SELECT ID, NAME FROM USERS WHERE ID = 50",12.340,0.085,0.007,IMPROVEMENT
2026-09-14T00:47:48.859208,AliasesTest,complex select min max avg with join and group by,"SELECT u.NAME userName, t.TRANS_DATE transDate, MIN(u.AGE) minAge, MAX(u.AGE) maxAge, AVG(u.AGE) avgAge FROM USERS u INNER JOIN TRANSACTIONS t ON u.ID = t.USER_ID GROUP BY userName, transDate ORDER BY transDate DESC",59.990,1.146,0.019,IMPROVEMENT
2026-09-14T00:47:48.8632066,GroupByTest,simple group by sum count,"SELECT NAME, SUM(AGE), COUNT(AGE) FROM USERS GROUP BY NAME",5.280,0.539,0.102,IMPROVEMENT
2026-09-14T00:47:48.865219,GroupByTest,complex group by join string date,"SELECT USERS.NAME, PROFILES.PROFILE_DATE, SUM(USERS.BALANCE), COUNT(USERS.BALANCE) FROM USERS INNER JOIN PROFILES ON USERS.ID = PROFILES.USER_ID GROUP BY USERS.NAME, PROFILES.PROFILE_DATE ORDER BY PROFILES.PROFILE_DATE DESC",37.800,1.376,0.036,IMPROVEMENT
2026-09-14T00:47:48.8662135,InTest,simple in on btree index,"SELECT ID, NAME FROM USERS WHERE AGE IN (50, 51, 52)",9.970,0.088,0.009,IMPROVEMENT
2026-09-14T00:47:48.8672152,JoinTest,simple inner join on primary key,"SELECT USERS.ID, USERS.NAME, USER_DETAILS.INFO FROM USERS INNER JOIN USER_DETAILS ON USERS.ID = USER_DETAILS.USER_ID WHERE USERS.ID IN (50, 51, 52)",32.650,0.537,0.016,IMPROVEMENT
2026-09-14T00:47:48.868211,LikeTest,simple like on name,"SELECT ID, NAME FROM USERS WHERE NAME LIKE '%er50' AND NAME LIKE '%User50%' AND NAME LIKE 'User50%'",35.730,0.190,0.005,IMPROVEMENT
2026-09-14T00:47:48.8692178,OrderByTest,simple order by age desc,"SELECT ID, AGE FROM USERS ORDER BY AGE DESC",4.530,0.492,0.109,IMPROVEMENT
2026-09-14T00:47:48.8702174,PerformanceTest,simple select clustered index,"SELECT NAME, AGE FROM USERS WHERE USER_CODE = 'CODE50'",11.510,0.082,0.007,IMPROVEMENT
2026-09-14T00:47:48.8712146,SubqueriesTest,complex subquery in column where group by having,"SELECT (SELECT NAME FROM USERS WHERE ID = u.ID LIMIT 1) AS user_name, COUNT(*) AS user_count FROM USERS u WHERE AGE > (SELECT AGE FROM USERS WHERE ID = 50 LIMIT 1) GROUP BY (SELECT NAME FROM USERS WHERE ID = u.ID LIMIT 1) HAVING COUNT(*) > (SELECT ID FROM USERS WHERE ID = 1 LIMIT 1) LIMIT 10",250.660,50.294,0.201,IMPROVEMENT
2026-09-12T03:19:19.9908738,AdvancedTest,simple select by primary key,"SELECT ID, NAME FROM USERS WHERE ID = 50",12.340,0.209,0.017,IMPROVEMENT
2026-09-12T03:19:19.992619,AliasesTest,complex select min max avg with join and group by,"SELECT u.NAME userName, t.TRANS_DATE transDate, MIN(u.AGE) minAge, MAX(u.AGE) maxAge, AVG(u.AGE) avgAge FROM USERS u INNER JOIN TRANSACTIONS t ON u.ID = t.USER_ID GROUP BY userName, transDate ORDER BY transDate DESC",59.990,2.905,0.048,IMPROVEMENT
2026-09-12T03:19:19.9953184,GroupByTest,simple group by sum count,"SELECT NAME, SUM(AGE), COUNT(AGE) FROM USERS GROUP BY NAME",5.280,1.317,0.249,IMPROVEMENT
2026-09-12T03:19:19.9973244,GroupByTest,complex group by join string date,"SELECT USERS.NAME, PROFILES.PROFILE_DATE, SUM(USERS.BALANCE), COUNT(USERS.BALANCE) FROM USERS INNER JOIN PROFILES ON USERS.ID = PROFILES.USER_ID GROUP BY USERS.NAME, PROFILES.PROFILE_DATE ORDER BY PROFILES.PROFILE_DATE DESC",37.800,3.601,0.095,IMPROVEMENT
2026-09-12T03:19:19.9993287,InTest,simple in on btree index,"SELECT ID, NAME FROM USERS WHERE AGE IN (50, 51, 52)",9.970,0.229,0.023,IMPROVEMENT
2026-09-12T03:19:20.0013341,JoinTest,simple inner join on primary key,"SELECT USERS.ID, USERS.NAME, USER_DETAILS.INFO FROM USERS INNER JOIN USER_DETAILS ON USERS.ID = USER_DETAILS.USER_ID WHERE USERS.ID IN (50, 51, 52)",32.650,1.352,0.041,IMPROVEMENT
2026-09-12T03:19:20.0013341,LikeTest,simple like on name,"SELECT ID, NAME FROM USERS WHERE NAME LIKE '%er50' AND NAME LIKE '%User50%' AND NAME LIKE 'User50%'",35.730,0.592,0.017,IMPROVEMENT
2026-09-12T03:19:20.0033392,OrderByTest,simple order by age desc,"SELECT ID, AGE FROM USERS ORDER BY AGE DESC",4.530,0.854,0.189,IMPROVEMENT
2026-09-12T03:19:20.0053453,PerformanceTest,simple select clustered index,"SELECT NAME, AGE FROM USERS WHERE USER_CODE = 'CODE50'",11.510,0.217,0.019,IMPROVEMENT
2026-09-12T03:19:20.0073504,SubqueriesTest,complex subquery in column where group by having,"SELECT (SELECT NAME FROM USERS WHERE ID = u.ID LIMIT 1) AS user_name, COUNT(*) AS user_count FROM USERS u WHERE AGE > (SELECT AGE FROM USERS WHERE ID = 50 LIMIT 1) GROUP BY (SELECT NAME FROM USERS WHERE ID = u.ID LIMIT 1) HAVING COUNT(*) > (SELECT ID FROM USERS WHERE ID = 1 LIMIT 1) LIMIT 10",250.660,102.061,0.407,IMPROVEMENT
2026-09-12T03:20:48.4767405,AdvancedTest,simple select by primary key,"SELECT ID, NAME FROM USERS WHERE ID = 50",12.340,0.212,0.017,IMPROVEMENT
2026-09-12T03:20:48.4767405,AliasesTest,complex select min max avg with join and group by,"SELECT u.NAME userName, t.TRANS_DATE transDate, MIN(u.AGE) minAge, MAX(u.AGE) maxAge, AVG(u.AGE) avgAge FROM USERS u INNER JOIN TRANSACTIONS t ON u.ID = t.USER_ID GROUP BY userName, transDate ORDER BY transDate DESC",59.990,2.559,0.043,IMPROVEMENT
2026-09-12T03:20:48.4806654,GroupByTest,simple group by sum count,"SELECT NAME, SUM(AGE), COUNT(AGE) FROM USERS GROUP BY NAME",5.280,1.381,0.261,IMPROVEMENT
2026-09-12T03:20:48.4826725,GroupByTest,complex group by join string date,"SELECT USERS.NAME, PROFILES.PROFILE_DATE, SUM(USERS.BALANCE), COUNT(USERS.BALANCE) FROM USERS INNER JOIN PROFILES ON USERS.ID = PROFILES.USER_ID GROUP BY USERS.NAME, PROFILES.PROFILE_DATE ORDER BY PROFILES.PROFILE_DATE DESC",37.800,3.582,0.095,IMPROVEMENT
2026-09-12T03:20:48.4846793,InTest,simple in on btree index,"SELECT ID, NAME FROM USERS WHERE AGE IN (50, 51, 52)",9.970,0.327,0.033,IMPROVEMENT
2026-09-12T03:20:48.4846793,JoinTest,simple inner join on primary key,"SELECT USERS.ID, USERS.NAME, USER_DETAILS.INFO FROM USERS INNER JOIN USER_DETAILS ON USERS.ID = USER_DETAILS.USER_ID WHERE USERS.ID IN (50, 51, 52)",32.650,1.299,0.040,IMPROVEMENT
2026-09-12T03:20:48.4846793,LikeTest,simple like on name,"SELECT ID, NAME FROM USERS WHERE NAME LIKE '%er50' AND NAME LIKE '%User50%' AND NAME LIKE 'User50%'",35.730,0.635,0.018,IMPROVEMENT
2026-09-12T03:20:48.4846793,OrderByTest,simple order by age desc,"SELECT ID, AGE FROM USERS ORDER BY AGE DESC",4.530,0.755,0.167,IMPROVEMENT
2026-09-12T03:20:48.4846793,PerformanceTest,simple select clustered index,"SELECT NAME, AGE FROM USERS WHERE USER_CODE = 'CODE50'",11.510,0.249,0.022,IMPROVEMENT
2026-09-12T03:20:48.4924425,SubqueriesTest,complex subquery in column where group by having,"SELECT (SELECT NAME FROM USERS WHERE ID = u.ID LIMIT 1) AS user_name, COUNT(*) AS user_count FROM USERS u WHERE AGE > (SELECT AGE FROM USERS WHERE ID = 50 LIMIT 1) GROUP BY (SELECT NAME FROM USERS WHERE ID = u.ID LIMIT 1) HAVING COUNT(*) > (SELECT ID FROM USERS WHERE ID = 1 LIMIT 1) LIMIT 10",250.660,62.321,0.249,IMPROVEMENT
2026-09-12T09:04:40.7858788,AdvancedTest,simple select by primary key,"SELECT ID, NAME FROM USERS WHERE ID = 50",12.340,0.231,0.019,IMPROVEMENT
2026-09-12T09:04:40.7898948,AliasesTest,complex select min max avg with join and group by,"SELECT u.NAME userName, t.TRANS_DATE transDate, MIN(u.AGE) minAge, MAX(u.AGE) maxAge, AVG(u.AGE) avgAge FROM USERS u INNER JOIN TRANSACTIONS t ON u.ID = t.USER_ID GROUP BY userName, transDate ORDER BY transDate DESC",59.990,9.334,0.156,IMPROVEMENT
2026-09-12T09:04:40.795036,GroupByTest,simple group by sum count,"SELECT NAME, SUM(AGE), COUNT(AGE) FROM USERS GROUP BY NAME",5.280,1.501,0.284,IMPROVEMENT
2026-09-12T09:04:40.796031,GroupByTest,complex group by join string date,"SELECT USERS.NAME, PROFILES.PROFILE_DATE, SUM(USERS.BALANCE), COUNT(USERS.BALANCE) FROM USERS INNER JOIN PROFILES ON USERS.ID = PROFILES.USER_ID GROUP BY USERS.NAME, PROFILES.PROFILE_DATE ORDER BY PROFILES.PROFILE_DATE DESC",37.800,3.864,0.102,IMPROVEMENT
2026-09-12T09:04:40.7980899,InTest,simple in on btree index,"SELECT ID, NAME FROM USERS WHERE AGE IN (50, 51, 52)",9.970,0.316,0.032,IMPROVEMENT
2026-09-12T09:04:40.7980899,JoinTest,simple inner join on primary key,"SELECT USERS.ID, USERS.NAME, USER_DETAILS.INFO FROM USERS INNER JOIN USER_DETAILS ON USERS.ID = USER_DETAILS.USER_ID WHERE USERS.ID IN (50, 51, 52)",32.650,1.460,0.045,IMPROVEMENT
2026-09-12T09:04:40.8001091,LikeTest,simple like on name,"SELECT ID, NAME FROM USERS WHERE NAME LIKE '%er50' AND NAME LIKE '%User50%' AND NAME LIKE 'User50%'",35.730,0.428,0.012,IMPROVEMENT
2026-09-12T09:04:40.8021155,OrderByTest,simple order by age desc,"SELECT ID, AGE FROM USERS ORDER BY AGE DESC",4.530,0.841,0.186,IMPROVEMENT
2026-09-12T09:04:40.8041267,PerformanceTest,simple select clustered index,"SELECT NAME, AGE FROM USERS WHERE USER_CODE = 'CODE50'",11.510,0.219,0.019,IMPROVEMENT
2026-09-12T09:04:40.8061607,SubqueriesTest,complex subquery in column where group by having,"SELECT (SELECT NAME FROM USERS WHERE ID = u.ID LIMIT 1) AS user_name, COUNT(*) AS user_count FROM USERS u WHERE AGE > (SELECT AGE FROM USERS WHERE ID = 50 LIMIT 1) GROUP BY (SELECT NAME FROM USERS WHERE ID = u.ID LIMIT 1) HAVING COUNT(*) > (SELECT ID FROM USERS WHERE ID = 1 LIMIT 1) LIMIT 10",250.660,133.158,0.531,IMPROVEMENT
2026-09-12T09:06:19.1025035,AdvancedTest,simple select by primary key,"SELECT ID, NAME FROM USERS WHERE ID = 50",12.340,0.328,0.027,IMPROVEMENT
2026-09-12T09:06:19.1090105,AliasesTest,complex select min max avg with join and group by,"SELECT u.NAME userName, t.TRANS_DATE transDate, MIN(u.AGE) minAge, MAX(u.AGE) maxAge, AVG(u.AGE) avgAge FROM USERS u INNER JOIN TRANSACTIONS t ON u.ID = t.USER_ID GROUP BY userName, transDate ORDER BY transDate DESC",59.990,2.614,0.044,IMPROVEMENT
2026-09-12T09:06:19.1100171,GroupByTest,simple group by sum count,"SELECT NAME, SUM(AGE), COUNT(AGE) FROM USERS GROUP BY NAME",5.280,1.220,0.231,IMPROVEMENT
2026-09-12T09:06:19.1140342,GroupByTest,complex group by join string date,"SELECT USERS.NAME, PROFILES.PROFILE_DATE, SUM(USERS.BALANCE), COUNT(USERS.BALANCE) FROM USERS INNER JOIN PROFILES ON USERS.ID = PROFILES.USER_ID GROUP BY USERS.NAME, PROFILES.PROFILE_DATE ORDER BY PROFILES.PROFILE_DATE DESC",37.800,3.505,0.093,IMPROVEMENT
2026-09-12T09:06:19.1160416,InTest,simple in on btree index,"SELECT ID, NAME FROM USERS WHERE AGE IN (50, 51, 52)",9.970,0.250,0.025,IMPROVEMENT
2026-09-12T09:06:19.1180486,JoinTest,simple inner join on primary key,"SELECT USERS.ID, USERS.NAME, USER_DETAILS.INFO FROM USERS INNER JOIN USER_DETAILS ON USERS.ID = USER_DETAILS.USER_ID WHERE USERS.ID IN (50, 51, 52)",32.650,1.526,0.047,IMPROVEMENT
2026-09-12T09:06:19.1200561,LikeTest,simple like on name,"SELECT ID, NAME FROM USERS WHERE NAME LIKE '%er50' AND NAME LIKE '%User50%' AND NAME LIKE 'User50%'",35.730,0.534,0.015,IMPROVEMENT
2026-09-12T09:06:19.1200561,OrderByTest,simple order by age desc,"SELECT ID, AGE FROM USERS ORDER BY AGE DESC",4.530,0.858,0.189,IMPROVEMENT
2026-09-12T09:06:19.1200561,PerformanceTest,simple select clustered index,"SELECT NAME, AGE FROM USERS WHERE USER_CODE = 'CODE50'",11.510,0.201,0.017,IMPROVEMENT
2026-09-12T09:06:19.1250133,SubqueriesTest,complex subquery in column where group by having,"SELECT (SELECT NAME FROM USERS WHERE ID = u.ID LIMIT 1) AS user_name, COUNT(*) AS user_count FROM USERS u WHERE AGE > (SELECT AGE FROM USERS WHERE ID = 50 LIMIT 1) GROUP BY (SELECT NAME FROM USERS WHERE ID = u.ID LIMIT 1) HAVING COUNT(*) > (SELECT ID FROM USERS WHERE ID = 1 LIMIT 1) LIMIT 10",250.660,62.104,0.248,IMPROVEMENT
2026-09-12T09:09:03.1190024,AdvancedTest,simple select by primary key,"SELECT ID, NAME FROM USERS WHERE ID = 50",12.340,0.281,0.023,IMPROVEMENT
2026-09-12T09:09:03.121009,AliasesTest,complex select min max avg with join and group by,"SELECT u.NAME userName, t.TRANS_DATE transDate, MIN(u.AGE) minAge, MAX(u.AGE) maxAge, AVG(u.AGE) avgAge FROM USERS u INNER JOIN TRANSACTIONS t ON u.ID = t.USER_ID GROUP BY userName, transDate ORDER BY transDate DESC",59.990,2.678,0.045,IMPROVEMENT
2026-09-12T09:09:03.1230152,GroupByTest,simple group by sum count,"SELECT NAME, SUM(AGE), COUNT(AGE) FROM USERS GROUP BY NAME",5.280,1.233,0.233,IMPROVEMENT
2026-09-12T09:09:03.1250205,GroupByTest,complex group by join string date,"SELECT USERS.NAME, PROFILES.PROFILE_DATE, SUM(USERS.BALANCE), COUNT(USERS.BALANCE) FROM USERS INNER JOIN PROFILES ON USERS.ID = PROFILES.USER_ID GROUP BY USERS.NAME, PROFILES.PROFILE_DATE ORDER BY PROFILES.PROFILE_DATE DESC",37.800,3.815,0.101,IMPROVEMENT
2026-09-12T09:09:03.1270263,InTest,simple in on btree index,"SELECT ID, NAME FROM USERS WHERE AGE IN (50, 51, 52)",9.970,0.260,0.026,IMPROVEMENT
2026-09-12T09:09:03.1290328,JoinTest,simple inner join on primary key,"SELECT USERS.ID, USERS.NAME, USER_DETAILS.INFO FROM USERS INNER JOIN USER_DETAILS ON USERS.ID = USER_DETAILS.USER_ID WHERE USERS.ID IN (50, 51, 52)",32.650,1.303,0.040,IMPROVEMENT
2026-09-12T09:09:03.1290328,LikeTest,simple like on name,"SELECT ID, NAME FROM USERS WHERE NAME LIKE '%er50' AND NAME LIKE '%User50%' AND NAME LIKE 'User50%'",35.730,0.705,0.020,IMPROVEMENT
2026-09-12T09:09:03.1310397,OrderByTest,simple order by age desc,"SELECT ID, AGE FROM USERS ORDER BY AGE DESC",4.530,0.707,0.156,IMPROVEMENT
2026-09-12T09:09:03.1347894,PerformanceTest,simple select clustered index,"SELECT NAME, AGE FROM USERS WHERE USER_CODE = 'CODE50'",11.510,0.240,0.021,IMPROVEMENT
2026-09-12T09:09:03.1347894,SubqueriesTest,complex subquery in column where group by having,"SELECT (SELECT NAME FROM USERS WHERE ID = u.ID LIMIT 1) AS user_name, COUNT(*) AS user_count FROM USERS u WHERE AGE > (SELECT AGE FROM USERS WHERE ID = 50 LIMIT 1) GROUP BY (SELECT NAME FROM USERS WHERE ID = u.ID LIMIT 1) HAVING COUNT(*) > (SELECT ID FROM USERS WHERE ID = 1 LIMIT 1) LIMIT 10",250.660,94.297,0.376,IMPROVEMENT
2026-09-12T12:27:07.9525351,AdvancedTest,simple select by primary key,"SELECT ID, NAME FROM USERS WHERE ID = 50",12.340,0.233,0.019,IMPROVEMENT
2026-09-12T12:27:07.9555502,AliasesTest,complex select min max avg with join and group by,"SELECT u.NAME userName, t.TRANS_DATE transDate, MIN(u.AGE) minAge, MAX(u.AGE) maxAge, AVG(u.AGE) avgAge FROM USERS u INNER JOIN TRANSACTIONS t ON u.ID = t.USER_ID GROUP BY userName, transDate ORDER BY transDate DESC",59.990,2.613,0.044,IMPROVEMENT
2026-09-12T12:27:07.9555502,GroupByTest,simple group by sum count,"SELECT NAME, SUM(AGE), COUNT(AGE) FROM USERS GROUP BY NAME",5.280,1.469,0.278,IMPROVEMENT
2026-09-12T12:27:07.9575597,GroupByTest,complex group by join string date,"SELECT USERS.NAME, PROFILES.PROFILE_DATE, SUM(USERS.BALANCE), COUNT(USERS.BALANCE) FROM USERS INNER JOIN PROFILES ON USERS.ID = PROFILES.USER_ID GROUP BY USERS.NAME, PROFILES.PROFILE_DATE ORDER BY PROFILES.PROFILE_DATE DESC",37.800,3.670,0.097,IMPROVEMENT
2026-09-12T12:27:07.9595693,InTest,simple in on btree index,"SELECT ID, NAME FROM USERS WHERE AGE IN (50, 51, 52)",9.970,0.261,0.026,IMPROVEMENT
2026-09-12T12:27:07.9615795,JoinTest,simple inner join on primary key,"SELECT USERS.ID, USERS.NAME, USER_DETAILS.INFO FROM USERS INNER JOIN USER_DETAILS ON USERS.ID = USER_DETAILS.USER_ID WHERE USERS.ID IN (50, 51, 52)",32.650,1.579,0.048,IMPROVEMENT
2026-09-12T12:27:07.9615795,LikeTest,simple like on name,"SELECT ID, NAME FROM USERS WHERE NAME LIKE '%er50' AND NAME LIKE '%User50%' AND NAME LIKE 'User50%'",35.730,1.475,0.041,IMPROVEMENT
2026-09-12T12:27:07.964464,OrderByTest,simple order by age desc,"SELECT ID, AGE FROM USERS ORDER BY AGE DESC",4.530,0.810,0.179,IMPROVEMENT
2026-09-12T12:27:07.9664721,PerformanceTest,simple select clustered index,"SELECT NAME, AGE FROM USERS WHERE USER_CODE = 'CODE50'",11.510,0.315,0.027,IMPROVEMENT
2026-09-12T12:27:07.9664721,SubqueriesTest,complex subquery in column where group by having,"SELECT (SELECT NAME FROM USERS WHERE ID = u.ID LIMIT 1) AS user_name, COUNT(*) AS user_count FROM USERS u WHERE AGE > (SELECT AGE FROM USERS WHERE ID = 50 LIMIT 1) GROUP BY (SELECT NAME FROM USERS WHERE ID = u.ID LIMIT 1) HAVING COUNT(*) > (SELECT ID FROM USERS WHERE ID = 1 LIMIT 1) LIMIT 10",250.660,85.924,0.343,IMPROVEMENT
2026-09-12T12:30:34.4123121,AdvancedTest,simple select by primary key,"SELECT ID, NAME FROM USERS WHERE ID = 50",12.340,0.230,0.019,IMPROVEMENT
2026-09-12T12:30:34.4123121,AliasesTest,complex select min max avg with join and group by,"SELECT u.NAME userName, t.TRANS_DATE transDate, MIN(u.AGE) minAge, MAX(u.AGE) maxAge, AVG(u.AGE) avgAge FROM USERS u INNER JOIN TRANSACTIONS t ON u.ID = t.USER_ID GROUP BY userName, transDate ORDER BY transDate DESC",59.990,2.607,0.043,IMPROVEMENT
2026-09-12T12:30:34.4158812,GroupByTest,simple group by sum count,"SELECT NAME, SUM(AGE), COUNT(AGE) FROM USERS GROUP BY NAME",5.280,1.903,0.360,IMPROVEMENT
2026-09-12T12:30:34.4168854,GroupByTest,complex group by join string date,"SELECT USERS.NAME, PROFILES.PROFILE_DATE, SUM(USERS.BALANCE), COUNT(USERS.BALANCE) FROM USERS INNER JOIN PROFILES ON USERS.ID = PROFILES.USER_ID GROUP BY USERS.NAME, PROFILES.PROFILE_DATE ORDER BY PROFILES.PROFILE_DATE DESC",37.800,5.918,0.157,IMPROVEMENT
2026-09-12T12:30:34.4188768,InTest,simple in on btree index,"SELECT ID, NAME FROM USERS WHERE AGE IN (50, 51, 52)",9.970,0.278,0.028,IMPROVEMENT
2026-09-12T12:30:34.4198741,JoinTest,simple inner join on primary key,"SELECT USERS.ID, USERS.NAME, USER_DETAILS.INFO FROM USERS INNER JOIN USER_DETAILS ON USERS.ID = USER_DETAILS.USER_ID WHERE USERS.ID IN (50, 51, 52)",32.650,1.666,0.051,IMPROVEMENT
2026-09-12T12:30:34.4248726,LikeTest,simple like on name,"SELECT ID, NAME FROM USERS WHERE NAME LIKE '%er50' AND NAME LIKE '%User50%' AND NAME LIKE 'User50%'",35.730,0.682,0.019,IMPROVEMENT
2026-09-12T12:30:34.4268774,OrderByTest,simple order by age desc,"SELECT ID, AGE FROM USERS ORDER BY AGE DESC",4.530,0.731,0.161,IMPROVEMENT
2026-09-12T12:30:34.4288847,PerformanceTest,simple select clustered index,"SELECT NAME, AGE FROM USERS WHERE USER_CODE = 'CODE50'",11.510,0.222,0.019,IMPROVEMENT
2026-09-12T12:30:34.4288847,SubqueriesTest,complex subquery in column where group by having,"SELECT (SELECT NAME FROM USERS WHERE ID = u.ID LIMIT 1) AS user_name, COUNT(*) AS user_count FROM USERS u WHERE AGE > (SELECT AGE FROM USERS WHERE ID = 50 LIMIT 1) GROUP BY (SELECT NAME FROM USERS WHERE ID = u.ID LIMIT 1) HAVING COUNT(*) > (SELECT ID FROM USERS WHERE ID = 1 LIMIT 1) LIMIT 10",250.660,92.808,0.370,IMPROVEMENT
2026-09-12T12:32:11.6439512,AdvancedTest,simple select by primary key,"SELECT ID, NAME FROM USERS WHERE ID = 50",12.340,0.240,0.019,IMPROVEMENT
2026-09-12T12:32:11.6439512,AliasesTest,complex select min max avg with join and group by,"SELECT u.NAME userName, t.TRANS_DATE transDate, MIN(u.AGE) minAge, MAX(u.AGE) maxAge, AVG(u.AGE) avgAge FROM USERS u INNER JOIN TRANSACTIONS t ON u.ID = t.USER_ID GROUP BY userName, transDate ORDER BY transDate DESC",59.990,2.417,0.040,IMPROVEMENT
2026-09-12T12:32:11.6478172,GroupByTest,simple group by sum count,"SELECT NAME, SUM(AGE), COUNT(AGE) FROM USERS GROUP BY NAME",5.280,1.207,0.229,IMPROVEMENT
2026-09-12T12:32:11.6553714,GroupByTest,complex group by join string date,"SELECT USERS.NAME, PROFILES.PROFILE_DATE, SUM(USERS.BALANCE), COUNT(USERS.BALANCE) FROM USERS INNER JOIN PROFILES ON USERS.ID = PROFILES.USER_ID GROUP BY USERS.NAME, PROFILES.PROFILE_DATE ORDER BY PROFILES.PROFILE_DATE DESC",37.800,19.472,0.515,IMPROVEMENT
2026-09-12T12:32:11.6573801,InTest,simple in on btree index,"SELECT ID, NAME FROM USERS WHERE AGE IN (50, 51, 52)",9.970,0.326,0.033,IMPROVEMENT
2026-09-12T12:32:11.6573801,JoinTest,simple inner join on primary key,"SELECT USERS.ID, USERS.NAME, USER_DETAILS.INFO FROM USERS INNER JOIN USER_DETAILS ON USERS.ID = USER_DETAILS.USER_ID WHERE USERS.ID IN (50, 51, 52)",32.650,1.495,0.046,IMPROVEMENT
2026-09-12T12:32:11.6573801,LikeTest,simple like on name,"SELECT ID, NAME FROM USERS WHERE NAME LIKE '%er50' AND NAME LIKE '%User50%' AND NAME LIKE 'User50%'",35.730,0.492,0.014,IMPROVEMENT
2026-09-12T12:32:11.6573801,OrderByTest,simple order by age desc,"SELECT ID, AGE FROM USERS ORDER BY AGE DESC",4.530,0.806,0.178,IMPROVEMENT
2026-09-12T12:32:11.6638572,PerformanceTest,simple select clustered index,"SELECT NAME, AGE FROM USERS WHERE USER_CODE = 'CODE50'",11.510,0.205,0.018,IMPROVEMENT
2026-09-12T12:32:11.6658783,SubqueriesTest,complex subquery in column where group by having,"SELECT (SELECT NAME FROM USERS WHERE ID = u.ID LIMIT 1) AS user_name, COUNT(*) AS user_count FROM USERS u WHERE AGE > (SELECT AGE FROM USERS WHERE ID = 50 LIMIT 1) GROUP BY (SELECT NAME FROM USERS WHERE ID = u.ID LIMIT 1) HAVING COUNT(*) > (SELECT ID FROM USERS WHERE ID = 1 LIMIT 1) LIMIT 10",250.660,89.352,0.356,IMPROVEMENT
2026-09-12T12:34:09.0237134,AdvancedTest,simple select by primary key,"SELECT ID, NAME FROM USERS WHERE ID = 50",12.340,0.906,0.073,IMPROVEMENT
2026-09-12T12:34:09.0252187,AliasesTest,complex select min max avg with join and group by,"SELECT u.NAME userName, t.TRANS_DATE transDate, MIN(u.AGE) minAge, MAX(u.AGE) maxAge, AVG(u.AGE) avgAge FROM USERS u INNER JOIN TRANSACTIONS t ON u.ID = t.USER_ID GROUP BY userName, transDate ORDER BY transDate DESC",59.990,3.718,0.062,IMPROVEMENT
2026-09-12T12:34:09.0281838,GroupByTest,simple group by sum count,"SELECT NAME, SUM(AGE), COUNT(AGE) FROM USERS GROUP BY NAME",5.280,1.268,0.240,IMPROVEMENT
2026-09-12T12:34:09.0311218,GroupByTest,complex group by join string date,"SELECT USERS.NAME, PROFILES.PROFILE_DATE, SUM(USERS.BALANCE), COUNT(USERS.BALANCE) FROM USERS INNER JOIN PROFILES ON USERS.ID = PROFILES.USER_ID GROUP BY USERS.NAME, PROFILES.PROFILE_DATE ORDER BY PROFILES.PROFILE_DATE DESC",37.800,11.985,0.317,IMPROVEMENT
2026-09-12T12:34:09.0331298,InTest,simple in on btree index,"SELECT ID, NAME FROM USERS WHERE AGE IN (50, 51, 52)",9.970,0.253,0.025,IMPROVEMENT
2026-09-12T12:34:09.0364421,JoinTest,simple inner join on primary key,"SELECT USERS.ID, USERS.NAME, USER_DETAILS.INFO FROM USERS INNER JOIN USER_DETAILS ON USERS.ID = USER_DETAILS.USER_ID WHERE USERS.ID IN (50, 51, 52)",32.650,1.346,0.041,IMPROVEMENT
2026-09-12T12:34:09.0374465,LikeTest,simple like on name,"SELECT ID, NAME FROM USERS WHERE NAME LIKE '%er50' AND NAME LIKE '%User50%' AND NAME LIKE 'User50%'",35.730,0.500,0.014,IMPROVEMENT
2026-09-12T12:34:09.03853,OrderByTest,simple order by age desc,"SELECT ID, AGE FROM USERS ORDER BY AGE DESC",4.530,2.740,0.605,IMPROVEMENT
2026-09-12T12:34:09.0395265,PerformanceTest,simple select clustered index,"SELECT NAME, AGE FROM USERS WHERE USER_CODE = 'CODE50'",11.510,0.259,0.022,IMPROVEMENT
2026-09-12T12:34:09.0405243,SubqueriesTest,complex subquery in column where group by having,"SELECT (SELECT NAME FROM USERS WHERE ID = u.ID LIMIT 1) AS user_name, COUNT(*) AS user_count FROM USERS u WHERE AGE > (SELECT AGE FROM USERS WHERE ID = 50 LIMIT 1) GROUP BY (SELECT NAME FROM USERS WHERE ID = u.ID LIMIT 1) HAVING COUNT(*) > (SELECT ID FROM USERS WHERE ID = 1 LIMIT 1) LIMIT 10",250.660,104.314,0.416,IMPROVEMENT
2026-09-12T12:53:50.2791075,AdvancedTest,simple select by primary key,"SELECT ID, NAME FROM USERS WHERE ID = 50",12.340,0.246,0.020,IMPROVEMENT
2026-09-12T12:53:50.2831896,AliasesTest,complex select min max avg with join and group by,"SELECT u.NAME userName, t.TRANS_DATE transDate, MIN(u.AGE) minAge, MAX(u.AGE) maxAge, AVG(u.AGE) avgAge FROM USERS u INNER JOIN TRANSACTIONS t ON u.ID = t.USER_ID GROUP BY userName, transDate ORDER BY transDate DESC",59.990,3.011,0.050,IMPROVEMENT
2026-09-12T12:53:50.2849362,GroupByTest,simple group by sum count,"SELECT NAME, SUM(AGE), COUNT(AGE) FROM USERS GROUP BY NAME",5.280,2.426,0.459,IMPROVEMENT
2026-09-12T12:53:50.2869469,GroupByTest,complex group by join string date,"SELECT USERS.NAME, PROFILES.PROFILE_DATE, SUM(USERS.BALANCE), COUNT(USERS.BALANCE) FROM USERS INNER JOIN PROFILES ON USERS.ID = PROFILES.USER_ID GROUP BY USERS.NAME, PROFILES.PROFILE_DATE ORDER BY PROFILES.PROFILE_DATE DESC",37.800,3.851,0.102,IMPROVEMENT
2026-09-12T12:53:50.2869469,InTest,simple in on btree index,"SELECT ID, NAME FROM USERS WHERE AGE IN (50, 51, 52)",9.970,0.280,0.028,IMPROVEMENT
2026-09-12T12:53:50.2889558,JoinTest,simple inner join on primary key,"SELECT USERS.ID, USERS.NAME, USER_DETAILS.INFO FROM USERS INNER JOIN USER_DETAILS ON USERS.ID = USER_DETAILS.USER_ID WHERE USERS.ID IN (50, 51, 52)",32.650,1.372,0.042,IMPROVEMENT
2026-09-12T12:53:50.2909637,LikeTest,simple like on name,"SELECT ID, NAME FROM USERS WHERE NAME LIKE '%er50' AND NAME LIKE '%User50%' AND NAME LIKE 'User50%'",35.730,0.602,0.017,IMPROVEMENT
2026-09-12T12:53:50.2929711,OrderByTest,simple order by age desc,"SELECT ID, AGE FROM USERS ORDER BY AGE DESC",4.530,0.598,0.132,IMPROVEMENT
2026-09-12T12:53:50.2929711,PerformanceTest,simple select clustered index,"SELECT NAME, AGE FROM USERS WHERE USER_CODE = 'CODE50'",11.510,0.222,0.019,IMPROVEMENT
2026-09-12T12:53:50.2949809,SubqueriesTest,complex subquery in column where group by having,"SELECT (SELECT NAME FROM USERS WHERE ID = u.ID LIMIT 1) AS user_name, COUNT(*) AS user_count FROM USERS u WHERE AGE > (SELECT AGE FROM USERS WHERE ID = 50 LIMIT 1) GROUP BY (SELECT NAME FROM USERS WHERE ID = u.ID LIMIT 1) HAVING COUNT(*) > (SELECT ID FROM USERS WHERE ID = 1 LIMIT 1) LIMIT 10",250.660,67.008,0.267,IMPROVEMENT
2026-09-12T12:56:33.2590504,AdvancedTest,simple select by primary key,"SELECT ID, NAME FROM USERS WHERE ID = 50",12.340,0.197,0.016,IMPROVEMENT
2026-09-12T12:56:33.2590504,AliasesTest,complex select min max avg with join and group by,"SELECT u.NAME userName, t.TRANS_DATE transDate, MIN(u.AGE) minAge, MAX(u.AGE) maxAge, AVG(u.AGE) avgAge FROM USERS u INNER JOIN TRANSACTIONS t ON u.ID = t.USER_ID GROUP BY userName, transDate ORDER BY transDate DESC",59.990,2.973,0.050,IMPROVEMENT
2026-09-12T12:56:33.2672139,GroupByTest,simple group by sum count,"SELECT NAME, SUM(AGE), COUNT(AGE) FROM USERS GROUP BY NAME",5.280,1.226,0.232,IMPROVEMENT
2026-09-12T12:56:33.2712332,GroupByTest,complex group by join string date,"SELECT USERS.NAME, PROFILES.PROFILE_DATE, SUM(USERS.BALANCE), COUNT(USERS.BALANCE) FROM USERS INNER JOIN PROFILES ON USERS.ID = PROFILES.USER_ID GROUP BY USERS.NAME, PROFILES.PROFILE_DATE ORDER BY PROFILES.PROFILE_DATE DESC",37.800,3.492,0.092,IMPROVEMENT
2026-09-12T12:56:33.2732426,InTest,simple in on btree index,"SELECT ID, NAME FROM USERS WHERE AGE IN (50, 51, 52)",9.970,0.321,0.032,IMPROVEMENT
2026-09-12T12:56:33.2749875,JoinTest,simple inner join on primary key,"SELECT USERS.ID, USERS.NAME, USER_DETAILS.INFO FROM USERS INNER JOIN USER_DETAILS ON USERS.ID = USER_DETAILS.USER_ID WHERE USERS.ID IN (50, 51, 52)",32.650,1.393,0.043,IMPROVEMENT
2026-09-12T12:56:33.2749875,LikeTest,simple like on name,"SELECT ID, NAME FROM USERS WHERE NAME LIKE '%er50' AND NAME LIKE '%User50%' AND NAME LIKE 'User50%'",35.730,0.654,0.018,IMPROVEMENT
2026-09-12T12:56:33.2749875,OrderByTest,simple order by age desc,"SELECT ID, AGE FROM USERS ORDER BY AGE DESC",4.530,0.745,0.164,IMPROVEMENT
2026-09-12T12:56:33.2749875,PerformanceTest,simple select clustered index,"SELECT NAME, AGE FROM USERS WHERE USER_CODE = 'CODE50'",11.510,0.223,0.019,IMPROVEMENT
2026-09-12T12:56:33.2808068,SubqueriesTest,complex subquery in column where group by having,"SELECT (SELECT NAME FROM USERS WHERE ID = u.ID LIMIT 1) AS user_name, COUNT(*) AS user_count FROM USERS u WHERE AGE > (SELECT AGE FROM USERS WHERE ID = 50 LIMIT 1) GROUP BY (SELECT NAME FROM USERS WHERE ID = u.ID LIMIT 1) HAVING COUNT(*) > (SELECT ID FROM USERS WHERE ID = 1 LIMIT 1) LIMIT 10",250.660,60.420,0.241,IMPROVEMENT
2026-09-12T15:47:11.3059599,AdvancedTest,simple select by primary key,"SELECT ID, NAME FROM USERS WHERE ID = 50",12.340,0.239,0.019,IMPROVEMENT
2026-09-12T15:47:11.3112251,AliasesTest,complex select min max avg with join and group by,"SELECT u.NAME userName, t.TRANS_DATE transDate, MIN(u.AGE) minAge, MAX(u.AGE) maxAge, AVG(u.AGE) avgAge FROM USERS u INNER JOIN TRANSACTIONS t ON u.ID = t.USER_ID GROUP BY userName, transDate ORDER BY transDate DESC",59.990,3.745,0.062,IMPROVEMENT
2026-09-12T15:47:11.3132318,GroupByTest,simple group by sum count,"SELECT NAME, SUM(AGE), COUNT(AGE) FROM USERS GROUP BY NAME",5.280,1.247,0.236,IMPROVEMENT
2026-09-12T15:47:11.3152386,GroupByTest,complex group by join string date,"SELECT USERS.NAME, PROFILES.PROFILE_DATE, SUM(USERS.BALANCE), COUNT(USERS.BALANCE) FROM USERS INNER JOIN PROFILES ON USERS.ID = PROFILES.USER_ID GROUP BY USERS.NAME, PROFILES.PROFILE_DATE ORDER BY PROFILES.PROFILE_DATE DESC",37.800,3.887,0.103,IMPROVEMENT
2026-09-12T15:47:11.3152386,InTest,simple in on btree index,"SELECT ID, NAME FROM USERS WHERE AGE IN (50, 51, 52)",9.970,0.293,0.029,IMPROVEMENT
2026-09-12T15:47:11.3172446,JoinTest,simple inner join on primary key,"SELECT USERS.ID, USERS.NAME, USER_DETAILS.INFO FROM USERS INNER JOIN USER_DETAILS ON USERS.ID = USER_DETAILS.USER_ID WHERE USERS.ID IN (50, 51, 52)",32.650,1.489,0.046,IMPROVEMENT
2026-09-12T15:47:11.3192503,LikeTest,simple like on name,"SELECT ID, NAME FROM USERS WHERE NAME LIKE '%er50' AND NAME LIKE '%User50%' AND NAME LIKE 'User50%'",35.730,0.645,0.018,IMPROVEMENT
2026-09-12T15:47:11.3212563,OrderByTest,simple order by age desc,"SELECT ID, AGE FROM USERS ORDER BY AGE DESC",4.530,0.871,0.192,IMPROVEMENT
2026-09-12T15:47:11.3232633,PerformanceTest,simple select clustered index,"SELECT NAME, AGE FROM USERS WHERE USER_CODE = 'CODE50'",11.510,0.228,0.020,IMPROVEMENT
2026-09-12T15:47:11.3252699,SubqueriesTest,complex subquery in column where group by having,"SELECT (SELECT NAME FROM USERS WHERE ID = u.ID LIMIT 1) AS user_name, COUNT(*) AS user_count FROM USERS u WHERE AGE > (SELECT AGE FROM USERS WHERE ID = 50 LIMIT 1) GROUP BY (SELECT NAME FROM USERS WHERE ID = u.ID LIMIT 1) HAVING COUNT(*) > (SELECT ID FROM USERS WHERE ID = 1 LIMIT 1) LIMIT 10",250.660,55.335,0.221,IMPROVEMENT
2026-09-12T15:48:31.1727629,AdvancedTest,simple select by primary key,"SELECT ID, NAME FROM USERS WHERE ID = 50",12.340,0.193,0.016,IMPROVEMENT
2026-09-12T15:48:31.1727629,AliasesTest,complex select min max avg with join and group by,"SELECT u.NAME userName, t.TRANS_DATE transDate, MIN(u.AGE) minAge, MAX(u.AGE) maxAge, AVG(u.AGE) avgAge FROM USERS u INNER JOIN TRANSACTIONS t ON u.ID = t.USER_ID GROUP BY userName, transDate ORDER BY transDate DESC",59.990,2.538,0.042,IMPROVEMENT
2026-09-12T15:48:31.1784972,GroupByTest,simple group by sum count,"SELECT NAME, SUM(AGE), COUNT(AGE) FROM USERS GROUP BY NAME",5.280,1.139,0.216,IMPROVEMENT
2026-09-12T15:48:31.1805051,GroupByTest,complex group by join string date,"SELECT USERS.NAME, PROFILES.PROFILE_DATE, SUM(USERS.BALANCE), COUNT(USERS.BALANCE) FROM USERS INNER JOIN PROFILES ON USERS.ID = PROFILES.USER_ID GROUP BY USERS.NAME, PROFILES.PROFILE_DATE ORDER BY PROFILES.PROFILE_DATE DESC",37.800,3.545,0.094,IMPROVEMENT
2026-09-12T15:48:31.1825127,InTest,simple in on btree index,"SELECT ID, NAME FROM USERS WHERE AGE IN (50, 51, 52)",9.970,0.296,0.030,IMPROVEMENT
2026-09-12T15:48:31.1825127,JoinTest,simple inner join on primary key,"SELECT USERS.ID, USERS.NAME, USER_DETAILS.INFO FROM USERS INNER JOIN USER_DETAILS ON USERS.ID = USER_DETAILS.USER_ID WHERE USERS.ID IN (50, 51, 52)",32.650,1.350,0.041,IMPROVEMENT
2026-09-12T15:48:31.1865287,LikeTest,simple like on name,"SELECT ID, NAME FROM USERS WHERE NAME LIKE '%er50' AND NAME LIKE '%User50%' AND NAME LIKE 'User50%'",35.730,0.563,0.016,IMPROVEMENT
2026-09-12T15:48:31.1865287,OrderByTest,simple order by age desc,"SELECT ID, AGE FROM USERS ORDER BY AGE DESC",4.530,0.650,0.143,IMPROVEMENT
2026-09-12T15:48:31.188537,PerformanceTest,simple select clustered index,"SELECT NAME, AGE FROM USERS WHERE USER_CODE = 'CODE50'",11.510,0.200,0.017,IMPROVEMENT
2026-09-12T15:48:31.188537,SubqueriesTest,complex subquery in column where group by having,"SELECT (SELECT NAME FROM USERS WHERE ID = u.ID LIMIT 1) AS user_name, COUNT(*) AS user_count FROM USERS u WHERE AGE > (SELECT AGE FROM USERS WHERE ID = 50 LIMIT 1) GROUP BY (SELECT NAME FROM USERS WHERE ID = u.ID LIMIT 1) HAVING COUNT(*) > (SELECT ID FROM USERS WHERE ID = 1 LIMIT 1) LIMIT 10",250.660,53.316,0.213,IMPROVEMENT
2026-09-12T15:57:57.8344329,AdvancedTest,simple select by primary key,"SELECT ID, NAME FROM USERS WHERE ID = 50",12.340,0.190,0.015,IMPROVEMENT
2026-09-12T15:57:57.8364402,AliasesTest,complex select min max avg with join and group by,"SELECT u.NAME userName, t.TRANS_DATE transDate, MIN(u.AGE) minAge, MAX(u.AGE) maxAge, AVG(u.AGE) avgAge FROM USERS u INNER JOIN TRANSACTIONS t ON u.ID = t.USER_ID GROUP BY userName, transDate ORDER BY transDate DESC",59.990,2.441,0.041,IMPROVEMENT
2026-09-12T15:57:57.8401934,GroupByTest,simple group by sum count,"SELECT NAME, SUM(AGE), COUNT(AGE) FROM USERS GROUP BY NAME",5.280,1.299,0.246,IMPROVEMENT
2026-09-12T15:57:57.8422033,GroupByTest,complex group by join string date,"SELECT USERS.NAME, PROFILES.PROFILE_DATE, SUM(USERS.BALANCE), COUNT(USERS.BALANCE) FROM USERS INNER JOIN PROFILES ON USERS.ID = PROFILES.USER_ID GROUP BY USERS.NAME, PROFILES.PROFILE_DATE ORDER BY PROFILES.PROFILE_DATE DESC",37.800,3.519,0.093,IMPROVEMENT
2026-09-12T15:57:57.8442147,InTest,simple in on btree index,"SELECT ID, NAME FROM USERS WHERE AGE IN (50, 51, 52)",9.970,0.274,0.027,IMPROVEMENT
2026-09-12T15:57:57.8442147,JoinTest,simple inner join on primary key,"SELECT USERS.ID, USERS.NAME, USER_DETAILS.INFO FROM USERS INNER JOIN USER_DETAILS ON USERS.ID = USER_DETAILS.USER_ID WHERE USERS.ID IN (50, 51, 52)",32.650,1.302,0.040,IMPROVEMENT
2026-09-12T15:57:57.8462247,LikeTest,simple like on name,"SELECT ID, NAME FROM USERS WHERE NAME LIKE '%er50' AND NAME LIKE '%User50%' AND NAME LIKE 'User50%'",35.730,0.543,0.015,IMPROVEMENT
2026-09-12T15:57:57.8482343,OrderByTest,simple order by age desc,"SELECT ID, AGE FROM USERS ORDER BY AGE DESC",4.530,0.731,0.161,IMPROVEMENT
2026-09-12T15:57:57.8502442,PerformanceTest,simple select clustered index,"SELECT NAME, AGE FROM USERS WHERE USER_CODE = 'CODE50'",11.510,0.219,0.019,IMPROVEMENT
2026-09-12T15:57:57.8502442,SubqueriesTest,complex subquery in column where group by having,"SELECT (SELECT NAME FROM USERS WHERE ID = u.ID LIMIT 1) AS user_name, COUNT(*) AS user_count FROM USERS u WHERE AGE > (SELECT AGE FROM USERS WHERE ID = 50 LIMIT 1) GROUP BY (SELECT NAME FROM USERS WHERE ID = u.ID LIMIT 1) HAVING COUNT(*) > (SELECT ID FROM USERS WHERE ID = 1 LIMIT 1) LIMIT 10",250.660,79.693,0.318,IMPROVEMENT
2026-09-12T15:59:03.9005544,AdvancedTest,simple select by primary key,"SELECT ID, NAME FROM USERS WHERE ID = 50",12.340,0.224,0.018,IMPROVEMENT
2026-09-12T15:59:03.9005544,AliasesTest,complex select min max avg with join and group by,"SELECT u.NAME userName, t.TRANS_DATE transDate, MIN(u.AGE) minAge, MAX(u.AGE) maxAge, AVG(u.AGE) avgAge FROM USERS u INNER JOIN TRANSACTIONS t ON u.ID = t.USER_ID GROUP BY userName, transDate ORDER BY transDate DESC",59.990,2.445,0.041,IMPROVEMENT
2026-09-12T15:59:03.9093944,GroupByTest,simple group by sum count,"SELECT NAME, SUM(AGE), COUNT(AGE) FROM USERS GROUP BY NAME",5.280,1.167,0.221,IMPROVEMENT
2026-09-12T15:59:03.9114031,GroupByTest,complex group by join string date,"SELECT USERS.NAME, PROFILES.PROFILE_DATE, SUM(USERS.BALANCE), COUNT(USERS.BALANCE) FROM USERS INNER JOIN PROFILES ON USERS.ID = PROFILES.USER_ID GROUP BY USERS.NAME, PROFILES.PROFILE_DATE ORDER BY PROFILES.PROFILE_DATE DESC",37.800,3.157,0.084,IMPROVEMENT
2026-09-12T15:59:03.913412,InTest,simple in on btree index,"SELECT ID, NAME FROM USERS WHERE AGE IN (50, 51, 52)",9.970,0.287,0.029,IMPROVEMENT
2026-09-12T15:59:03.9154197,JoinTest,simple inner join on primary key,"SELECT USERS.ID, USERS.NAME, USER_DETAILS.INFO FROM USERS INNER JOIN USER_DETAILS ON USERS.ID = USER_DETAILS.USER_ID WHERE USERS.ID IN (50, 51, 52)",32.650,1.317,0.040,IMPROVEMENT
2026-09-12T15:59:03.9174258,LikeTest,simple like on name,"SELECT ID, NAME FROM USERS WHERE NAME LIKE '%er50' AND NAME LIKE '%User50%' AND NAME LIKE 'User50%'",35.730,0.588,0.016,IMPROVEMENT
2026-09-12T15:59:03.9174258,OrderByTest,simple order by age desc,"SELECT ID, AGE FROM USERS ORDER BY AGE DESC",4.530,0.637,0.141,IMPROVEMENT
2026-09-12T15:59:03.9174258,PerformanceTest,simple select clustered index,"SELECT NAME, AGE FROM USERS WHERE USER_CODE = 'CODE50'",11.510,0.184,0.016,IMPROVEMENT
2026-09-12T15:59:03.9174258,SubqueriesTest,complex subquery in column where group by having,"SELECT (SELECT NAME FROM USERS WHERE ID = u.ID LIMIT 1) AS user_name, COUNT(*) AS user_count FROM USERS u WHERE AGE > (SELECT AGE FROM USERS WHERE ID = 50 LIMIT 1) GROUP BY (SELECT NAME FROM USERS WHERE ID = u.ID LIMIT 1) HAVING COUNT(*) > (SELECT ID FROM USERS WHERE ID = 1 LIMIT 1) LIMIT 10",250.660,63.477,0.253,IMPROVEMENT
2026-09-12T17:14:33.1864759,AdvancedTest,simple select by primary key,"SELECT ID, NAME FROM USERS WHERE ID = 50",12.340,0.211,0.017,IMPROVEMENT
2026-09-12T17:14:33.1900387,AliasesTest,complex select min max avg with join and group by,"SELECT u.NAME userName, t.TRANS_DATE transDate, MIN(u.AGE) minAge, MAX(u.AGE) maxAge, AVG(u.AGE) avgAge FROM USERS u INNER JOIN TRANSACTIONS t ON u.ID = t.USER_ID GROUP BY userName, transDate ORDER BY transDate DESC",59.990,2.353,0.039,IMPROVEMENT
2026-09-12T17:14:33.1920473,GroupByTest,simple group by sum count,"SELECT NAME, SUM(AGE), COUNT(AGE) FROM USERS GROUP BY NAME",5.280,1.171,0.222,IMPROVEMENT
2026-09-12T17:14:33.1966372,GroupByTest,complex group by join string date,"SELECT USERS.NAME, PROFILES.PROFILE_DATE, SUM(USERS.BALANCE), COUNT(USERS.BALANCE) FROM USERS INNER JOIN PROFILES ON USERS.ID = PROFILES.USER_ID GROUP BY USERS.NAME, PROFILES.PROFILE_DATE ORDER BY PROFILES.PROFILE_DATE DESC",37.800,3.090,0.082,IMPROVEMENT
2026-09-12T17:14:33.2037354,InTest,simple in on btree index,"SELECT ID, NAME FROM USERS WHERE AGE IN (50, 51, 52)",9.970,0.274,0.027,IMPROVEMENT
2026-09-12T17:14:33.2057477,JoinTest,simple inner join on primary key,"SELECT USERS.ID, USERS.NAME, USER_DETAILS.INFO FROM USERS INNER JOIN USER_DETAILS ON USERS.ID = USER_DETAILS.USER_ID WHERE USERS.ID IN (50, 51, 52)",32.650,1.094,0.034,IMPROVEMENT
2026-09-12T17:14:33.2075901,LikeTest,simple like on name,"SELECT ID, NAME FROM USERS WHERE NAME LIKE '%er50' AND NAME LIKE '%User50%' AND NAME LIKE 'User50%'",35.730,0.541,0.015,IMPROVEMENT
2026-09-12T17:14:33.2105774,OrderByTest,simple order by age desc,"SELECT ID, AGE FROM USERS ORDER BY AGE DESC",4.530,0.832,0.184,IMPROVEMENT
2026-09-12T17:14:33.211974,PerformanceTest,simple select clustered index,"SELECT NAME, AGE FROM USERS WHERE USER_CODE = 'CODE50'",11.510,0.262,0.023,IMPROVEMENT
2026-09-12T17:14:33.2216304,SubqueriesTest,complex subquery in column where group by having,"SELECT (SELECT NAME FROM USERS WHERE ID = u.ID LIMIT 1) AS user_name, COUNT(*) AS user_count FROM USERS u WHERE AGE > (SELECT AGE FROM USERS WHERE ID = 50 LIMIT 1) GROUP BY (SELECT NAME FROM USERS WHERE ID = u.ID LIMIT 1) HAVING COUNT(*) > (SELECT ID FROM USERS WHERE ID = 1 LIMIT 1) LIMIT 10",250.660,82.020,0.327,IMPROVEMENT
2026-09-12T17:17:06.7118598,AdvancedTest,simple select by primary key,"SELECT ID, NAME FROM USERS WHERE ID = 50",12.340,0.139,0.011,IMPROVEMENT
2026-09-12T17:17:06.7138716,AliasesTest,complex select min max avg with join and group by,"SELECT u.NAME userName, t.TRANS_DATE transDate, MIN(u.AGE) minAge, MAX(u.AGE) maxAge, AVG(u.AGE) avgAge FROM USERS u INNER JOIN TRANSACTIONS t ON u.ID = t.USER_ID GROUP BY userName, transDate ORDER BY transDate DESC",59.990,1.904,0.032,IMPROVEMENT
2026-09-12T17:17:06.7158805,GroupByTest,simple group by sum count,"SELECT NAME, SUM(AGE), COUNT(AGE) FROM USERS GROUP BY NAME",5.280,1.090,0.206,IMPROVEMENT
2026-09-12T17:17:06.7178895,GroupByTest,complex group by join string date,"SELECT USERS.NAME, PROFILES.PROFILE_DATE, SUM(USERS.BALANCE), COUNT(USERS.BALANCE) FROM USERS INNER JOIN PROFILES ON USERS.ID = PROFILES.USER_ID GROUP BY USERS.NAME, PROFILES.PROFILE_DATE ORDER BY PROFILES.PROFILE_DATE DESC",37.800,2.470,0.065,IMPROVEMENT
2026-09-12T17:17:06.7198992,InTest,simple in on btree index,"SELECT ID, NAME FROM USERS WHERE AGE IN (50, 51, 52)",9.970,0.185,0.019,IMPROVEMENT
2026-09-12T17:17:06.7216448,JoinTest,simple inner join on primary key,"SELECT USERS.ID, USERS.NAME, USER_DETAILS.INFO FROM USERS INNER JOIN USER_DETAILS ON USERS.ID = USER_DETAILS.USER_ID WHERE USERS.ID IN (50, 51, 52)",32.650,0.806,0.025,IMPROVEMENT
2026-09-12T17:17:06.723654,LikeTest,simple like on name,"SELECT ID, NAME FROM USERS WHERE NAME LIKE '%er50' AND NAME LIKE '%User50%' AND NAME LIKE 'User50%'",35.730,0.359,0.010,IMPROVEMENT
2026-09-12T17:17:06.7256615,OrderByTest,simple order by age desc,"SELECT ID, AGE FROM USERS ORDER BY AGE DESC",4.530,0.543,0.120,IMPROVEMENT
2026-09-12T17:17:06.7276684,PerformanceTest,simple select clustered index,"SELECT NAME, AGE FROM USERS WHERE USER_CODE = 'CODE50'",11.510,0.176,0.015,IMPROVEMENT
2026-09-12T17:17:06.7276684,SubqueriesTest,complex subquery in column where group by having,"SELECT (SELECT NAME FROM USERS WHERE ID = u.ID LIMIT 1) AS user_name, COUNT(*) AS user_count FROM USERS u WHERE AGE > (SELECT AGE FROM USERS WHERE ID = 50 LIMIT 1) GROUP BY (SELECT NAME FROM USERS WHERE ID = u.ID LIMIT 1) HAVING COUNT(*) > (SELECT ID FROM USERS WHERE ID = 1 LIMIT 1) LIMIT 10",250.660,71.700,0.286,IMPROVEMENT
2026-09-12T21:50:43.6649138,AdvancedTest,simple select by primary key,"SELECT ID, NAME FROM USERS WHERE ID = 50",12.340,0.349,0.028,IMPROVEMENT
2026-09-12T21:50:43.6827226,AliasesTest,complex select min max avg with join and group by,"SELECT u.NAME userName, t.TRANS_DATE transDate, MIN(u.AGE) minAge, MAX(u.AGE) maxAge, AVG(u.AGE) avgAge FROM USERS u INNER JOIN TRANSACTIONS t ON u.ID = t.USER_ID GROUP BY userName, transDate ORDER BY transDate DESC",59.990,2.060,0.034,IMPROVEMENT
2026-09-12T21:50:43.6864741,GroupByTest,simple group by sum count,"SELECT NAME, SUM(AGE), COUNT(AGE) FROM USERS GROUP BY NAME",5.280,1.074,0.203,IMPROVEMENT
2026-09-12T21:50:43.6904902,GroupByTest,complex group by join string date,"SELECT USERS.NAME, PROFILES.PROFILE_DATE, SUM(USERS.BALANCE), COUNT(USERS.BALANCE) FROM USERS INNER JOIN PROFILES ON USERS.ID = PROFILES.USER_ID GROUP BY USERS.NAME, PROFILES.PROFILE_DATE ORDER BY PROFILES.PROFILE_DATE DESC",37.800,3.106,0.082,IMPROVEMENT
2026-09-12T21:50:43.7022729,InTest,simple in on btree index,"SELECT ID, NAME FROM USERS WHERE AGE IN (50, 51, 52)",9.970,0.279,0.028,IMPROVEMENT
2026-09-12T21:50:43.7042803,JoinTest,simple inner join on primary key,"SELECT USERS.ID, USERS.NAME, USER_DETAILS.INFO FROM USERS INNER JOIN USER_DETAILS ON USERS.ID = USER_DETAILS.USER_ID WHERE USERS.ID IN (50, 51, 52)",32.650,1.273,0.039,IMPROVEMENT
2026-09-12T21:50:43.7082932,LikeTest,simple like on name,"SELECT ID, NAME FROM USERS WHERE NAME LIKE '%er50' AND NAME LIKE '%User50%' AND NAME LIKE 'User50%'",35.730,0.612,0.017,IMPROVEMENT
2026-09-12T21:50:43.7123063,OrderByTest,simple order by age desc,"SELECT ID, AGE FROM USERS ORDER BY AGE DESC",4.530,0.711,0.157,IMPROVEMENT
2026-09-12T21:50:43.7143137,PerformanceTest,simple select clustered index,"SELECT NAME, AGE FROM USERS WHERE USER_CODE = 'CODE50'",11.510,0.195,0.017,IMPROVEMENT
2026-09-12T21:50:43.718064,SubqueriesTest,complex subquery in column where group by having,"SELECT (SELECT NAME FROM USERS WHERE ID = u.ID LIMIT 1) AS user_name, COUNT(*) AS user_count FROM USERS u WHERE AGE > (SELECT AGE FROM USERS WHERE ID = 50 LIMIT 1) GROUP BY (SELECT NAME FROM USERS WHERE ID = u.ID LIMIT 1) HAVING COUNT(*) > (SELECT ID FROM USERS WHERE ID = 1 LIMIT 1) LIMIT 10",250.660,60.645,0.242,IMPROVEMENT
2026-09-12T21:59:18.1274766,AdvancedTest,simple select by primary key,"SELECT ID, NAME FROM USERS WHERE ID = 50",12.340,0.182,0.015,IMPROVEMENT
2026-09-12T21:59:18.1294902,AliasesTest,complex select min max avg with join and group by,"SELECT u.NAME userName, t.TRANS_DATE transDate, MIN(u.AGE) minAge, MAX(u.AGE) maxAge, AVG(u.AGE) avgAge FROM USERS u INNER JOIN TRANSACTIONS t ON u.ID = t.USER_ID GROUP BY userName, transDate ORDER BY transDate DESC",59.990,2.129,0.035,IMPROVEMENT
2026-09-12T21:59:18.1315021,GroupByTest,simple group by sum count,"SELECT NAME, SUM(AGE), COUNT(AGE) FROM USERS GROUP BY NAME",5.280,1.169,0.221,IMPROVEMENT
2026-09-12T21:59:18.1335119,GroupByTest,complex group by join string date,"SELECT USERS.NAME, PROFILES.PROFILE_DATE, SUM(USERS.BALANCE), COUNT(USERS.BALANCE) FROM USERS INNER JOIN PROFILES ON USERS.ID = PROFILES.USER_ID GROUP BY USERS.NAME, PROFILES.PROFILE_DATE ORDER BY PROFILES.PROFILE_DATE DESC",37.800,2.716,0.072,IMPROVEMENT
2026-09-12T21:59:18.1372721,InTest,simple in on btree index,"SELECT ID, NAME FROM USERS WHERE AGE IN (50, 51, 52)",9.970,0.234,0.023,IMPROVEMENT
2026-09-12T21:59:18.1392836,JoinTest,simple inner join on primary key,"SELECT USERS.ID, USERS.NAME, USER_DETAILS.INFO FROM USERS INNER JOIN USER_DETAILS ON USERS.ID = USER_DETAILS.USER_ID WHERE USERS.ID IN (50, 51, 52)",32.650,0.878,0.027,IMPROVEMENT
2026-09-12T21:59:18.143301,LikeTest,simple like on name,"SELECT ID, NAME FROM USERS WHERE NAME LIKE '%er50' AND NAME LIKE '%User50%' AND NAME LIKE 'User50%'",35.730,0.439,0.012,IMPROVEMENT
2026-09-12T21:59:18.143301,OrderByTest,simple order by age desc,"SELECT ID, AGE FROM USERS ORDER BY AGE DESC",4.530,0.705,0.156,IMPROVEMENT
2026-09-12T21:59:18.1453092,PerformanceTest,simple select clustered index,"SELECT NAME, AGE FROM USERS WHERE USER_CODE = 'CODE50'",11.510,0.367,0.032,IMPROVEMENT
2026-09-12T21:59:18.147318,SubqueriesTest,complex subquery in column where group by having,"SELECT (SELECT NAME FROM USERS WHERE ID = u.ID LIMIT 1) AS user_name, COUNT(*) AS user_count FROM USERS u WHERE AGE > (SELECT AGE FROM USERS WHERE ID = 50 LIMIT 1) GROUP BY (SELECT NAME FROM USERS WHERE ID = u.ID LIMIT 1) HAVING COUNT(*) > (SELECT ID FROM USERS WHERE ID = 1 LIMIT 1) LIMIT 10",250.660,77.557,0.309,IMPROVEMENT
2026-09-12T22:03:32.6929917,AdvancedTest,simple select by primary key,"SELECT ID, NAME FROM USERS WHERE ID = 50",12.340,0.132,0.011,IMPROVEMENT
2026-09-12T22:03:32.6949983,AliasesTest,complex select min max avg with join and group by,"SELECT u.NAME userName, t.TRANS_DATE transDate, MIN(u.AGE) minAge, MAX(u.AGE) maxAge, AVG(u.AGE) avgAge FROM USERS u INNER JOIN TRANSACTIONS t ON u.ID = t.USER_ID GROUP BY userName, transDate ORDER BY transDate DESC",59.990,1.987,0.033,IMPROVEMENT
2026-09-12T22:03:32.6970048,GroupByTest,simple group by sum count,"SELECT NAME, SUM(AGE), COUNT(AGE) FROM USERS GROUP BY NAME",5.280,0.911,0.172,IMPROVEMENT
2026-09-12T22:03:32.7010149,GroupByTest,complex group by join string date,"SELECT USERS.NAME, PROFILES.PROFILE_DATE, SUM(USERS.BALANCE), COUNT(USERS.BALANCE) FROM USERS INNER JOIN PROFILES ON USERS.ID = PROFILES.USER_ID GROUP BY USERS.NAME, PROFILES.PROFILE_DATE ORDER BY PROFILES.PROFILE_DATE DESC",37.800,2.415,0.064,IMPROVEMENT
2026-09-12T22:03:32.7047647,InTest,simple in on btree index,"SELECT ID, NAME FROM USERS WHERE AGE IN (50, 51, 52)",9.970,0.154,0.015,IMPROVEMENT
2026-09-12T22:03:32.7067727,JoinTest,simple inner join on primary key,"SELECT USERS.ID, USERS.NAME, USER_DETAILS.INFO FROM USERS INNER JOIN USER_DETAILS ON USERS.ID = USER_DETAILS.USER_ID WHERE USERS.ID IN (50, 51, 52)",32.650,0.634,0.019,IMPROVEMENT
2026-09-12T22:03:32.7127948,LikeTest,simple like on name,"SELECT ID, NAME FROM USERS WHERE NAME LIKE '%er50' AND NAME LIKE '%User50%' AND NAME LIKE 'User50%'",35.730,0.662,0.019,IMPROVEMENT
2026-09-12T22:03:32.718824,OrderByTest,simple order by age desc,"SELECT ID, AGE FROM USERS ORDER BY AGE DESC",4.530,0.663,0.146,IMPROVEMENT
2026-09-12T22:03:32.7205701,PerformanceTest,simple select clustered index,"SELECT NAME, AGE FROM USERS WHERE USER_CODE = 'CODE50'",11.510,0.186,0.016,IMPROVEMENT
2026-09-12T22:03:32.7225793,SubqueriesTest,complex subquery in column where group by having,"SELECT (SELECT NAME FROM USERS WHERE ID = u.ID LIMIT 1) AS user_name, COUNT(*) AS user_count FROM USERS u WHERE AGE > (SELECT AGE FROM USERS WHERE ID = 50 LIMIT 1) GROUP BY (SELECT NAME FROM USERS WHERE ID = u.ID LIMIT 1) HAVING COUNT(*) > (SELECT ID FROM USERS WHERE ID = 1 LIMIT 1) LIMIT 10",250.660,72.672,0.290,IMPROVEMENT
2026-09-12T22:05:47.3230897,AdvancedTest,simple select by primary key,"SELECT ID, NAME FROM USERS WHERE ID = 50",12.340,0.362,0.029,IMPROVEMENT
2026-09-12T22:05:47.3264004,AliasesTest,complex select min max avg with join and group by,"SELECT u.NAME userName, t.TRANS_DATE transDate, MIN(u.AGE) minAge, MAX(u.AGE) maxAge, AVG(u.AGE) avgAge FROM USERS u INNER JOIN TRANSACTIONS t ON u.ID = t.USER_ID GROUP BY userName, transDate ORDER BY transDate DESC",59.990,3.120,0.052,IMPROVEMENT
2026-09-12T22:05:47.3284069,GroupByTest,simple group by sum count,"SELECT NAME, SUM(AGE), COUNT(AGE) FROM USERS GROUP BY NAME",5.280,1.170,0.222,IMPROVEMENT
2026-09-12T22:05:47.3304142,GroupByTest,complex group by join string date,"SELECT USERS.NAME, PROFILES.PROFILE_DATE, SUM(USERS.BALANCE), COUNT(USERS.BALANCE) FROM USERS INNER JOIN PROFILES ON USERS.ID = PROFILES.USER_ID GROUP BY USERS.NAME, PROFILES.PROFILE_DATE ORDER BY PROFILES.PROFILE_DATE DESC",37.800,3.806,0.101,IMPROVEMENT
2026-09-12T22:05:47.3324197,InTest,simple in on btree index,"SELECT ID, NAME FROM USERS WHERE AGE IN (50, 51, 52)",9.970,0.363,0.036,IMPROVEMENT
2026-09-12T22:05:47.3344261,JoinTest,simple inner join on primary key,"SELECT USERS.ID, USERS.NAME, USER_DETAILS.INFO FROM USERS INNER JOIN USER_DETAILS ON USERS.ID = USER_DETAILS.USER_ID WHERE USERS.ID IN (50, 51, 52)",32.650,1.660,0.051,IMPROVEMENT
2026-09-12T22:05:47.3344261,LikeTest,simple like on name,"SELECT ID, NAME FROM USERS WHERE NAME LIKE '%er50' AND NAME LIKE '%User50%' AND NAME LIKE 'User50%'",35.730,0.674,0.019,IMPROVEMENT
2026-09-12T22:05:47.3364323,OrderByTest,simple order by age desc,"SELECT ID, AGE FROM USERS ORDER BY AGE DESC",4.530,0.930,0.205,IMPROVEMENT
2026-09-12T22:05:47.3384378,PerformanceTest,simple select clustered index,"SELECT NAME, AGE FROM USERS WHERE USER_CODE = 'CODE50'",11.510,0.224,0.019,IMPROVEMENT
2026-09-12T22:05:47.3384378,SubqueriesTest,complex subquery in column where group by having,"SELECT (SELECT NAME FROM USERS WHERE ID = u.ID LIMIT 1) AS user_name, COUNT(*) AS user_count FROM USERS u WHERE AGE > (SELECT AGE FROM USERS WHERE ID = 50 LIMIT 1) GROUP BY (SELECT NAME FROM USERS WHERE ID = u.ID LIMIT 1) HAVING COUNT(*) > (SELECT ID FROM USERS WHERE ID = 1 LIMIT 1) LIMIT 10",250.660,55.176,0.220,IMPROVEMENT
2026-09-13T01:50:28.0302628,AdvancedTest,simple select by primary key,"SELECT ID, NAME FROM USERS WHERE ID = 50",12.340,0.274,0.022,IMPROVEMENT
2026-09-13T01:50:28.0392658,AliasesTest,complex select min max avg with join and group by,"SELECT u.NAME userName, t.TRANS_DATE transDate, MIN(u.AGE) minAge, MAX(u.AGE) maxAge, AVG(u.AGE) avgAge FROM USERS u INNER JOIN TRANSACTIONS t ON u.ID = t.USER_ID GROUP BY userName, transDate ORDER BY transDate DESC",59.990,2.276,0.038,IMPROVEMENT
2026-09-13T01:50:28.0453093,GroupByTest,simple group by sum count,"SELECT NAME, SUM(AGE), COUNT(AGE) FROM USERS GROUP BY NAME",5.280,1.043,0.198,IMPROVEMENT
2026-09-13T01:50:28.0473221,GroupByTest,complex group by join string date,"SELECT USERS.NAME, PROFILES.PROFILE_DATE, SUM(USERS.BALANCE), COUNT(USERS.BALANCE) FROM USERS INNER JOIN PROFILES ON USERS.ID = PROFILES.USER_ID GROUP BY USERS.NAME, PROFILES.PROFILE_DATE ORDER BY PROFILES.PROFILE_DATE DESC",37.800,4.161,0.110,IMPROVEMENT
2026-09-13T01:50:28.0473221,InTest,simple in on btree index,"SELECT ID, NAME FROM USERS WHERE AGE IN (50, 51, 52)",9.970,0.330,0.033,IMPROVEMENT
2026-09-13T01:50:28.0503831,JoinTest,simple inner join on primary key,"SELECT USERS.ID, USERS.NAME, USER_DETAILS.INFO FROM USERS INNER JOIN USER_DETAILS ON USERS.ID = USER_DETAILS.USER_ID WHERE USERS.ID IN (50, 51, 52)",32.650,1.559,0.048,IMPROVEMENT
2026-09-13T01:50:28.0503831,LikeTest,simple like on name,"SELECT ID, NAME FROM USERS WHERE NAME LIKE '%er50' AND NAME LIKE '%User50%' AND NAME LIKE 'User50%'",35.730,1.297,0.036,IMPROVEMENT
2026-09-13T01:50:28.0523892,OrderByTest,simple order by age desc,"SELECT ID, AGE FROM USERS ORDER BY AGE DESC",4.530,0.821,0.181,IMPROVEMENT
2026-09-13T01:50:28.0584671,PerformanceTest,simple select clustered index,"SELECT NAME, AGE FROM USERS WHERE USER_CODE = 'CODE50'",11.510,0.218,0.019,IMPROVEMENT
2026-09-13T01:50:28.0604801,SubqueriesTest,complex subquery in column where group by having,"SELECT (SELECT NAME FROM USERS WHERE ID = u.ID LIMIT 1) AS user_name, COUNT(*) AS user_count FROM USERS u WHERE AGE > (SELECT AGE FROM USERS WHERE ID = 50 LIMIT 1) GROUP BY (SELECT NAME FROM USERS WHERE ID = u.ID LIMIT 1) HAVING COUNT(*) > (SELECT ID FROM USERS WHERE ID = 1 LIMIT 1) LIMIT 10",250.660,153.149,0.611,IMPROVEMENT
2026-09-13T01:52:37.5947851,AdvancedTest,simple select by primary key,"SELECT ID, NAME FROM USERS WHERE ID = 50",12.340,0.238,0.019,IMPROVEMENT
2026-09-13T01:52:37.6089281,AliasesTest,complex select min max avg with join and group by,"SELECT u.NAME userName, t.TRANS_DATE transDate, MIN(u.AGE) minAge, MAX(u.AGE) maxAge, AVG(u.AGE) avgAge FROM USERS u INNER JOIN TRANSACTIONS t ON u.ID = t.USER_ID GROUP BY userName, transDate ORDER BY transDate DESC",59.990,2.663,0.044,IMPROVEMENT
2026-09-13T01:52:37.6109364,GroupByTest,simple group by sum count,"SELECT NAME, SUM(AGE), COUNT(AGE) FROM USERS GROUP BY NAME",5.280,1.258,0.238,IMPROVEMENT
2026-09-13T01:52:37.6129443,GroupByTest,complex group by join string date,"SELECT USERS.NAME, PROFILES.PROFILE_DATE, SUM(USERS.BALANCE), COUNT(USERS.BALANCE) FROM USERS INNER JOIN PROFILES ON USERS.ID = PROFILES.USER_ID GROUP BY USERS.NAME, PROFILES.PROFILE_DATE ORDER BY PROFILES.PROFILE_DATE DESC",37.800,5.817,0.154,IMPROVEMENT
2026-09-13T01:52:37.6256324,InTest,simple in on btree index,"SELECT ID, NAME FROM USERS WHERE AGE IN (50, 51, 52)",9.970,0.362,0.036,IMPROVEMENT
2026-09-13T01:52:37.6280767,JoinTest,simple inner join on primary key,"SELECT USERS.ID, USERS.NAME, USER_DETAILS.INFO FROM USERS INNER JOIN USER_DETAILS ON USERS.ID = USER_DETAILS.USER_ID WHERE USERS.ID IN (50, 51, 52)",32.650,1.275,0.039,IMPROVEMENT
2026-09-13T01:52:37.6290721,LikeTest,simple like on name,"SELECT ID, NAME FROM USERS WHERE NAME LIKE '%er50' AND NAME LIKE '%User50%' AND NAME LIKE 'User50%'",35.730,0.516,0.014,IMPROVEMENT
2026-09-13T01:52:37.6401848,OrderByTest,simple order by age desc,"SELECT ID, AGE FROM USERS ORDER BY AGE DESC",4.530,0.973,0.215,IMPROVEMENT
2026-09-13T01:52:37.6421964,PerformanceTest,simple select clustered index,"SELECT NAME, AGE FROM USERS WHERE USER_CODE = 'CODE50'",11.510,0.246,0.021,IMPROVEMENT
2026-09-13T01:52:37.6442084,SubqueriesTest,complex subquery in column where group by having,"SELECT (SELECT NAME FROM USERS WHERE ID = u.ID LIMIT 1) AS user_name, COUNT(*) AS user_count FROM USERS u WHERE AGE > (SELECT AGE FROM USERS WHERE ID = 50 LIMIT 1) GROUP BY (SELECT NAME FROM USERS WHERE ID = u.ID LIMIT 1) HAVING COUNT(*) > (SELECT ID FROM USERS WHERE ID = 1 LIMIT 1) LIMIT 10",250.660,169.663,0.677,IMPROVEMENT
2026-09-13T10:09:44.6912392,AdvancedTest,simple select by primary key,"SELECT ID, NAME FROM USERS WHERE ID = 50",12.340,0.232,0.019,IMPROVEMENT
2026-09-13T10:09:44.6949893,AliasesTest,complex select min max avg with join and group by,"SELECT u.NAME userName, t.TRANS_DATE transDate, MIN(u.AGE) minAge, MAX(u.AGE) maxAge, AVG(u.AGE) avgAge FROM USERS u INNER JOIN TRANSACTIONS t ON u.ID = t.USER_ID GROUP BY userName, transDate ORDER BY transDate DESC",59.990,2.821,0.047,IMPROVEMENT
2026-09-13T10:09:44.6969986,GroupByTest,simple group by sum count,"SELECT NAME, SUM(AGE), COUNT(AGE) FROM USERS GROUP BY NAME",5.280,1.403,0.266,IMPROVEMENT
2026-09-13T10:09:44.7010166,GroupByTest,complex group by join string date,"SELECT USERS.NAME, PROFILES.PROFILE_DATE, SUM(USERS.BALANCE), COUNT(USERS.BALANCE) FROM USERS INNER JOIN PROFILES ON USERS.ID = PROFILES.USER_ID GROUP BY USERS.NAME, PROFILES.PROFILE_DATE ORDER BY PROFILES.PROFILE_DATE DESC",37.800,3.648,0.097,IMPROVEMENT
2026-09-13T10:09:44.7030252,InTest,simple in on btree index,"SELECT ID, NAME FROM USERS WHERE AGE IN (50, 51, 52)",9.970,0.316,0.032,IMPROVEMENT
2026-09-13T10:09:44.7050332,JoinTest,simple inner join on primary key,"SELECT USERS.ID, USERS.NAME, USER_DETAILS.INFO FROM USERS INNER JOIN USER_DETAILS ON USERS.ID = USER_DETAILS.USER_ID WHERE USERS.ID IN (50, 51, 52)",32.650,1.577,0.048,IMPROVEMENT
2026-09-13T10:09:44.7107938,LikeTest,simple like on name,"SELECT ID, NAME FROM USERS WHERE NAME LIKE '%er50' AND NAME LIKE '%User50%' AND NAME LIKE 'User50%'",35.730,0.818,0.023,IMPROVEMENT
2026-09-13T10:09:44.7128008,OrderByTest,simple order by age desc,"SELECT ID, AGE FROM USERS ORDER BY AGE DESC",4.530,0.962,0.212,IMPROVEMENT
2026-09-13T10:09:44.714807,PerformanceTest,simple select clustered index,"SELECT NAME, AGE FROM USERS WHERE USER_CODE = 'CODE50'",11.510,0.204,0.018,IMPROVEMENT
2026-09-13T10:09:44.7168135,SubqueriesTest,complex subquery in column where group by having,"SELECT (SELECT NAME FROM USERS WHERE ID = u.ID LIMIT 1) AS user_name, COUNT(*) AS user_count FROM USERS u WHERE AGE > (SELECT AGE FROM USERS WHERE ID = 50 LIMIT 1) GROUP BY (SELECT NAME FROM USERS WHERE ID = u.ID LIMIT 1) HAVING COUNT(*) > (SELECT ID FROM USERS WHERE ID = 1 LIMIT 1) LIMIT 10",250.660,111.691,0.446,IMPROVEMENT
2026-09-13T10:14:04.1000513,AdvancedTest,simple select by primary key,"SELECT ID, NAME FROM USERS WHERE ID = 50",12.340,0.299,0.024,IMPROVEMENT
2026-09-13T10:14:04.1020584,AliasesTest,complex select min max avg with join and group by,"SELECT u.NAME userName, t.TRANS_DATE transDate, MIN(u.AGE) minAge, MAX(u.AGE) maxAge, AVG(u.AGE) avgAge FROM USERS u INNER JOIN TRANSACTIONS t ON u.ID = t.USER_ID GROUP BY userName, transDate ORDER BY transDate DESC",59.990,3.056,0.051,IMPROVEMENT
2026-09-13T10:14:04.1040692,GroupByTest,simple group by sum count,"SELECT NAME, SUM(AGE), COUNT(AGE) FROM USERS GROUP BY NAME",5.280,1.387,0.263,IMPROVEMENT
2026-09-13T10:14:04.1060801,GroupByTest,complex group by join string date,"SELECT USERS.NAME, PROFILES.PROFILE_DATE, SUM(USERS.BALANCE), COUNT(USERS.BALANCE) FROM USERS INNER JOIN PROFILES ON USERS.ID = PROFILES.USER_ID GROUP BY USERS.NAME, PROFILES.PROFILE_DATE ORDER BY PROFILES.PROFILE_DATE DESC",37.800,3.727,0.099,IMPROVEMENT
2026-09-13T10:14:04.1060801,InTest,simple in on btree index,"SELECT ID, NAME FROM USERS WHERE AGE IN (50, 51, 52)",9.970,0.303,0.030,IMPROVEMENT
2026-09-13T10:14:04.1080907,JoinTest,simple inner join on primary key,"SELECT USERS.ID, USERS.NAME, USER_DETAILS.INFO FROM USERS INNER JOIN USER_DETAILS ON USERS.ID = USER_DETAILS.USER_ID WHERE USERS.ID IN (50, 51, 52)",32.650,1.360,0.042,IMPROVEMENT
2026-09-13T10:14:04.1098359,LikeTest,simple like on name,"SELECT ID, NAME FROM USERS WHERE NAME LIKE '%er50' AND NAME LIKE '%User50%' AND NAME LIKE 'User50%'",35.730,0.582,0.016,IMPROVEMENT
2026-09-13T10:14:04.1118452,OrderByTest,simple order by age desc,"SELECT ID, AGE FROM USERS ORDER BY AGE DESC",4.530,0.779,0.172,IMPROVEMENT
2026-09-13T10:14:04.1138531,PerformanceTest,simple select clustered index,"SELECT NAME, AGE FROM USERS WHERE USER_CODE = 'CODE50'",11.510,0.260,0.023,IMPROVEMENT
2026-09-13T10:14:04.1218871,SubqueriesTest,complex subquery in column where group by having,"SELECT (SELECT NAME FROM USERS WHERE ID = u.ID LIMIT 1) AS user_name, COUNT(*) AS user_count FROM USERS u WHERE AGE > (SELECT AGE FROM USERS WHERE ID = 50 LIMIT 1) GROUP BY (SELECT NAME FROM USERS WHERE ID = u.ID LIMIT 1) HAVING COUNT(*) > (SELECT ID FROM USERS WHERE ID = 1 LIMIT 1) LIMIT 10",250.660,131.108,0.523,IMPROVEMENT
2026-09-13T10:16:07.4493877,AdvancedTest,simple select by primary key,"SELECT ID, NAME FROM USERS WHERE ID = 50",12.340,0.192,0.016,IMPROVEMENT
2026-09-13T10:16:07.4531442,AliasesTest,complex select min max avg with join and group by,"SELECT u.NAME userName, t.TRANS_DATE transDate, MIN(u.AGE) minAge, MAX(u.AGE) maxAge, AVG(u.AGE) avgAge FROM USERS u INNER JOIN TRANSACTIONS t ON u.ID = t.USER_ID GROUP BY userName, transDate ORDER BY transDate DESC",59.990,2.258,0.038,IMPROVEMENT
2026-09-13T10:16:07.457167,GroupByTest,simple group by sum count,"SELECT NAME, SUM(AGE), COUNT(AGE) FROM USERS GROUP BY NAME",5.280,1.183,0.224,IMPROVEMENT
2026-09-13T10:16:07.4591932,GroupByTest,complex group by join string date,"SELECT USERS.NAME, PROFILES.PROFILE_DATE, SUM(USERS.BALANCE), COUNT(USERS.BALANCE) FROM USERS INNER JOIN PROFILES ON USERS.ID = PROFILES.USER_ID GROUP BY USERS.NAME, PROFILES.PROFILE_DATE ORDER BY PROFILES.PROFILE_DATE DESC",37.800,2.923,0.077,IMPROVEMENT
2026-09-13T10:16:07.4591932,InTest,simple in on btree index,"SELECT ID, NAME FROM USERS WHERE AGE IN (50, 51, 52)",9.970,0.198,0.020,IMPROVEMENT
2026-09-13T10:16:07.46321,JoinTest,simple inner join on primary key,"SELECT USERS.ID, USERS.NAME, USER_DETAILS.INFO FROM USERS INNER JOIN USER_DETAILS ON USERS.ID = USER_DETAILS.USER_ID WHERE USERS.ID IN (50, 51, 52)",32.650,1.119,0.034,IMPROVEMENT
2026-09-13T10:16:07.4652214,LikeTest,simple like on name,"SELECT ID, NAME FROM USERS WHERE NAME LIKE '%er50' AND NAME LIKE '%User50%' AND NAME LIKE 'User50%'",35.730,0.455,0.013,IMPROVEMENT
2026-09-13T10:16:07.467232,OrderByTest,simple order by age desc,"SELECT ID, AGE FROM USERS ORDER BY AGE DESC",4.530,0.689,0.152,IMPROVEMENT
2026-09-13T10:16:07.468978,PerformanceTest,simple select clustered index,"SELECT NAME, AGE FROM USERS WHERE USER_CODE = 'CODE50'",11.510,0.188,0.016,IMPROVEMENT
2026-09-13T10:16:07.4709865,SubqueriesTest,complex subquery in column where group by having,"SELECT (SELECT NAME FROM USERS WHERE ID = u.ID LIMIT 1) AS user_name, COUNT(*) AS user_count FROM USERS u WHERE AGE > (SELECT AGE FROM USERS WHERE ID = 50 LIMIT 1) GROUP BY (SELECT NAME FROM USERS WHERE ID = u.ID LIMIT 1) HAVING COUNT(*) > (SELECT ID FROM USERS WHERE ID = 1 LIMIT 1) LIMIT 10",250.660,60.892,0.243,IMPROVEMENT
2026-09-13T10:18:25.8071587,AdvancedTest,simple select by primary key,"SELECT ID, NAME FROM USERS WHERE ID = 50",12.340,0.323,0.026,IMPROVEMENT
2026-09-13T10:18:25.8109056,AliasesTest,complex select min max avg with join and group by,"SELECT u.NAME userName, t.TRANS_DATE transDate, MIN(u.AGE) minAge, MAX(u.AGE) maxAge, AVG(u.AGE) avgAge FROM USERS u INNER JOIN TRANSACTIONS t ON u.ID = t.USER_ID GROUP BY userName, transDate ORDER BY transDate DESC",59.990,2.683,0.045,IMPROVEMENT
2026-09-13T10:18:25.8129113,GroupByTest,simple group by sum count,"SELECT NAME, SUM(AGE), COUNT(AGE) FROM USERS GROUP BY NAME",5.280,1.325,0.251,IMPROVEMENT
2026-09-13T10:18:25.8129113,GroupByTest,complex group by join string date,"SELECT USERS.NAME, PROFILES.PROFILE_DATE, SUM(USERS.BALANCE), COUNT(USERS.BALANCE) FROM USERS INNER JOIN PROFILES ON USERS.ID = PROFILES.USER_ID GROUP BY USERS.NAME, PROFILES.PROFILE_DATE ORDER BY PROFILES.PROFILE_DATE DESC",37.800,3.401,0.090,IMPROVEMENT
2026-09-13T10:18:25.8149194,InTest,simple in on btree index,"SELECT ID, NAME FROM USERS WHERE AGE IN (50, 51, 52)",9.970,0.247,0.025,IMPROVEMENT
2026-09-13T10:18:25.8169251,JoinTest,simple inner join on primary key,"SELECT USERS.ID, USERS.NAME, USER_DETAILS.INFO FROM USERS INNER JOIN USER_DETAILS ON USERS.ID = USER_DETAILS.USER_ID WHERE USERS.ID IN (50, 51, 52)",32.650,1.378,0.042,IMPROVEMENT
2026-09-13T10:18:25.8189337,LikeTest,simple like on name,"SELECT ID, NAME FROM USERS WHERE NAME LIKE '%er50' AND NAME LIKE '%User50%' AND NAME LIKE 'User50%'",35.730,0.579,0.016,IMPROVEMENT
2026-09-13T10:18:25.8189337,OrderByTest,simple order by age desc,"SELECT ID, AGE FROM USERS ORDER BY AGE DESC",4.530,0.886,0.196,IMPROVEMENT
2026-09-13T10:18:25.8209422,PerformanceTest,simple select clustered index,"SELECT NAME, AGE FROM USERS WHERE USER_CODE = 'CODE50'",11.510,0.240,0.021,IMPROVEMENT
2026-09-13T10:18:25.8229501,SubqueriesTest,complex subquery in column where group by having,"SELECT (SELECT NAME FROM USERS WHERE ID = u.ID LIMIT 1) AS user_name, COUNT(*) AS user_count FROM USERS u WHERE AGE > (SELECT AGE FROM USERS WHERE ID = 50 LIMIT 1) GROUP BY (SELECT NAME FROM USERS WHERE ID = u.ID LIMIT 1) HAVING COUNT(*) > (SELECT ID FROM USERS WHERE ID = 1 LIMIT 1) LIMIT 10",250.660,86.932,0.347,IMPROVEMENT
2026-09-13T11:46:02.2827386,AdvancedTest,simple select by primary key,"SELECT ID, NAME FROM USERS WHERE ID = 50",12.340,0.208,0.017,IMPROVEMENT
2026-09-13T11:46:02.2827386,AliasesTest,complex select min max avg with join and group by,"SELECT u.NAME userName, t.TRANS_DATE transDate, MIN(u.AGE) minAge, MAX(u.AGE) maxAge, AVG(u.AGE) avgAge FROM USERS u INNER JOIN TRANSACTIONS t ON u.ID = t.USER_ID GROUP BY userName, transDate ORDER BY transDate DESC",59.990,2.619,0.044,IMPROVEMENT
2026-09-13T11:46:02.2847447,GroupByTest,simple group by sum count,"SELECT NAME, SUM(AGE), COUNT(AGE) FROM USERS GROUP BY NAME",5.280,1.463,0.277,IMPROVEMENT
2026-09-13T11:46:02.2847447,GroupByTest,complex group by join string date,"SELECT USERS.NAME, PROFILES.PROFILE_DATE, SUM(USERS.BALANCE), COUNT(USERS.BALANCE) FROM USERS INNER JOIN PROFILES ON USERS.ID = PROFILES.USER_ID GROUP BY USERS.NAME, PROFILES.PROFILE_DATE ORDER BY PROFILES.PROFILE_DATE DESC",37.800,3.441,0.091,IMPROVEMENT
2026-09-13T11:46:02.2867535,InTest,simple in on btree index,"SELECT ID, NAME FROM USERS WHERE AGE IN (50, 51, 52)",9.970,0.409,0.041,IMPROVEMENT
2026-09-13T11:46:02.2887631,JoinTest,simple inner join on primary key,"SELECT USERS.ID, USERS.NAME, USER_DETAILS.INFO FROM USERS INNER JOIN USER_DETAILS ON USERS.ID = USER_DETAILS.USER_ID WHERE USERS.ID IN (50, 51, 52)",32.650,1.394,0.043,IMPROVEMENT
2026-09-13T11:46:02.2887631,LikeTest,simple like on name,"SELECT ID, NAME FROM USERS WHERE NAME LIKE '%er50' AND NAME LIKE '%User50%' AND NAME LIKE 'User50%'",35.730,0.629,0.018,IMPROVEMENT
2026-09-13T11:46:02.2905066,OrderByTest,simple order by age desc,"SELECT ID, AGE FROM USERS ORDER BY AGE DESC",4.530,0.895,0.198,IMPROVEMENT
2026-09-13T11:46:02.292513,PerformanceTest,simple select clustered index,"SELECT NAME, AGE FROM USERS WHERE USER_CODE = 'CODE50'",11.510,0.214,0.019,IMPROVEMENT
2026-09-13T11:46:02.292513,SubqueriesTest,complex subquery in column where group by having,"SELECT (SELECT NAME FROM USERS WHERE ID = u.ID LIMIT 1) AS user_name, COUNT(*) AS user_count FROM USERS u WHERE AGE > (SELECT AGE FROM USERS WHERE ID = 50 LIMIT 1) GROUP BY (SELECT NAME FROM USERS WHERE ID = u.ID LIMIT 1) HAVING COUNT(*) > (SELECT ID FROM USERS WHERE ID = 1 LIMIT 1) LIMIT 10",250.660,77.338,0.309,IMPROVEMENT
2026-09-13T11:58:28.9452143,AdvancedTest,simple select by primary key,"SELECT ID, NAME FROM USERS WHERE ID = 50",12.340,0.319,0.026,IMPROVEMENT
2026-09-13T11:58:28.9452143,AliasesTest,complex select min max avg with join and group by,"SELECT u.NAME userName, t.TRANS_DATE transDate, MIN(u.AGE) minAge, MAX(u.AGE) maxAge, AVG(u.AGE) avgAge FROM USERS u INNER JOIN TRANSACTIONS t ON u.ID = t.USER_ID GROUP BY userName, transDate ORDER BY transDate DESC",59.990,2.861,0.048,IMPROVEMENT
2026-09-13T11:58:28.9483657,GroupByTest,simple group by sum count,"SELECT NAME, SUM(AGE), COUNT(AGE) FROM USERS GROUP BY NAME",5.280,1.801,0.341,IMPROVEMENT
2026-09-13T11:58:28.9523857,GroupByTest,complex group by join string date,"SELECT USERS.NAME, PROFILES.PROFILE_DATE, SUM(USERS.BALANCE), COUNT(USERS.BALANCE) FROM USERS INNER JOIN PROFILES ON USERS.ID = PROFILES.USER_ID GROUP BY USERS.NAME, PROFILES.PROFILE_DATE ORDER BY PROFILES.PROFILE_DATE DESC",37.800,3.634,0.096,IMPROVEMENT
2026-09-13T11:58:28.9543955,InTest,simple in on btree index,"SELECT ID, NAME FROM USERS WHERE AGE IN (50, 51, 52)",9.970,0.331,0.033,IMPROVEMENT
2026-09-13T11:58:28.9543955,JoinTest,simple inner join on primary key,"SELECT USERS.ID, USERS.NAME, USER_DETAILS.INFO FROM USERS INNER JOIN USER_DETAILS ON USERS.ID = USER_DETAILS.USER_ID WHERE USERS.ID IN (50, 51, 52)",32.650,1.403,0.043,IMPROVEMENT
2026-09-13T11:58:28.9564048,LikeTest,simple like on name,"SELECT ID, NAME FROM USERS WHERE NAME LIKE '%er50' AND NAME LIKE '%User50%' AND NAME LIKE 'User50%'",35.730,0.719,0.020,IMPROVEMENT
2026-09-13T11:58:28.9584155,OrderByTest,simple order by age desc,"SELECT ID, AGE FROM USERS ORDER BY AGE DESC",4.530,0.980,0.216,IMPROVEMENT
2026-09-13T11:58:28.96043,PerformanceTest,simple select clustered index,"SELECT NAME, AGE FROM USERS WHERE USER_CODE = 'CODE50'",11.510,0.303,0.026,IMPROVEMENT
2026-09-13T11:58:28.96043,SubqueriesTest,complex subquery in column where group by having,"SELECT (SELECT NAME FROM USERS WHERE ID = u.ID LIMIT 1) AS user_name, COUNT(*) AS user_count FROM USERS u WHERE AGE > (SELECT AGE FROM USERS WHERE ID = 50 LIMIT 1) GROUP BY (SELECT NAME FROM USERS WHERE ID = u.ID LIMIT 1) HAVING COUNT(*) > (SELECT ID FROM USERS WHERE ID = 1 LIMIT 1) LIMIT 10",250.660,83.759,0.334,IMPROVEMENT
2026-09-13T12:01:16.0065115,AdvancedTest,simple select by primary key,"SELECT ID, NAME FROM USERS WHERE ID = 50",12.340,0.324,0.026,IMPROVEMENT
2026-09-13T12:01:16.0105277,AliasesTest,complex select min max avg with join and group by,"SELECT u.NAME userName, t.TRANS_DATE transDate, MIN(u.AGE) minAge, MAX(u.AGE) maxAge, AVG(u.AGE) avgAge FROM USERS u INNER JOIN TRANSACTIONS t ON u.ID = t.USER_ID GROUP BY userName, transDate ORDER BY transDate DESC",59.990,2.564,0.043,IMPROVEMENT
2026-09-13T12:01:16.0105277,GroupByTest,simple group by sum count,"SELECT NAME, SUM(AGE), COUNT(AGE) FROM USERS GROUP BY NAME",5.280,1.446,0.274,IMPROVEMENT
2026-09-13T12:01:16.014548,GroupByTest,complex group by join string date,"SELECT USERS.NAME, PROFILES.PROFILE_DATE, SUM(USERS.BALANCE), COUNT(USERS.BALANCE) FROM USERS INNER JOIN PROFILES ON USERS.ID = PROFILES.USER_ID GROUP BY USERS.NAME, PROFILES.PROFILE_DATE ORDER BY PROFILES.PROFILE_DATE DESC",37.800,4.174,0.110,IMPROVEMENT
2026-09-13T12:01:16.0165585,InTest,simple in on btree index,"SELECT ID, NAME FROM USERS WHERE AGE IN (50, 51, 52)",9.970,0.384,0.039,IMPROVEMENT
2026-09-13T12:01:16.0165585,JoinTest,simple inner join on primary key,"SELECT USERS.ID, USERS.NAME, USER_DETAILS.INFO FROM USERS INNER JOIN USER_DETAILS ON USERS.ID = USER_DETAILS.USER_ID WHERE USERS.ID IN (50, 51, 52)",32.650,1.752,0.054,IMPROVEMENT
2026-09-13T12:01:16.0185696,LikeTest,simple like on name,"SELECT ID, NAME FROM USERS WHERE NAME LIKE '%er50' AND NAME LIKE '%User50%' AND NAME LIKE 'User50%'",35.730,2.366,0.066,IMPROVEMENT
2026-09-13T12:01:16.0205792,OrderByTest,simple order by age desc,"SELECT ID, AGE FROM USERS ORDER BY AGE DESC",4.530,1.637,0.361,IMPROVEMENT
2026-09-13T12:01:16.0223247,PerformanceTest,simple select clustered index,"SELECT NAME, AGE FROM USERS WHERE USER_CODE = 'CODE50'",11.510,0.182,0.016,IMPROVEMENT
2026-09-13T12:01:16.0263485,SubqueriesTest,complex subquery in column where group by having,"SELECT (SELECT NAME FROM USERS WHERE ID = u.ID LIMIT 1) AS user_name, COUNT(*) AS user_count FROM USERS u WHERE AGE > (SELECT AGE FROM USERS WHERE ID = 50 LIMIT 1) GROUP BY (SELECT NAME FROM USERS WHERE ID = u.ID LIMIT 1) HAVING COUNT(*) > (SELECT ID FROM USERS WHERE ID = 1 LIMIT 1) LIMIT 10",250.660,67.538,0.269,IMPROVEMENT
2026-09-13T13:20:21.6445496,AdvancedTest,simple select by primary key,"SELECT ID, NAME FROM USERS WHERE ID = 50",12.340,0.265,0.021,IMPROVEMENT
2026-09-13T13:20:21.6499073,AliasesTest,complex select min max avg with join and group by,"SELECT u.NAME userName, t.TRANS_DATE transDate, MIN(u.AGE) minAge, MAX(u.AGE) maxAge, AVG(u.AGE) avgAge FROM USERS u INNER JOIN TRANSACTIONS t ON u.ID = t.USER_ID GROUP BY userName, transDate ORDER BY transDate DESC",59.990,2.966,0.049,IMPROVEMENT
2026-09-13T13:20:21.6499073,GroupByTest,simple group by sum count,"SELECT NAME, SUM(AGE), COUNT(AGE) FROM USERS GROUP BY NAME",5.280,1.337,0.253,IMPROVEMENT
2026-09-13T13:20:21.65392,GroupByTest,complex group by join string date,"SELECT USERS.NAME, PROFILES.PROFILE_DATE, SUM(USERS.BALANCE), COUNT(USERS.BALANCE) FROM USERS INNER JOIN PROFILES ON USERS.ID = PROFILES.USER_ID GROUP BY USERS.NAME, PROFILES.PROFILE_DATE ORDER BY PROFILES.PROFILE_DATE DESC",37.800,3.636,0.096,IMPROVEMENT
2026-09-13T13:20:21.655927,InTest,simple in on btree index,"SELECT ID, NAME FROM USERS WHERE AGE IN (50, 51, 52)",9.970,0.337,0.034,IMPROVEMENT
2026-09-13T13:20:21.6579327,JoinTest,simple inner join on primary key,"SELECT USERS.ID, USERS.NAME, USER_DETAILS.INFO FROM USERS INNER JOIN USER_DETAILS ON USERS.ID = USER_DETAILS.USER_ID WHERE USERS.ID IN (50, 51, 52)",32.650,1.315,0.040,IMPROVEMENT
2026-09-13T13:20:21.6579327,LikeTest,simple like on name,"SELECT ID, NAME FROM USERS WHERE NAME LIKE '%er50' AND NAME LIKE '%User50%' AND NAME LIKE 'User50%'",35.730,0.749,0.021,IMPROVEMENT
2026-09-13T13:20:21.6599409,OrderByTest,simple order by age desc,"SELECT ID, AGE FROM USERS ORDER BY AGE DESC",4.530,0.842,0.186,IMPROVEMENT
2026-09-13T13:20:21.661949,PerformanceTest,simple select clustered index,"SELECT NAME, AGE FROM USERS WHERE USER_CODE = 'CODE50'",11.510,0.249,0.022,IMPROVEMENT
2026-09-13T13:20:21.6656967,SubqueriesTest,complex subquery in column where group by having,"SELECT (SELECT NAME FROM USERS WHERE ID = u.ID LIMIT 1) AS user_name, COUNT(*) AS user_count FROM USERS u WHERE AGE > (SELECT AGE FROM USERS WHERE ID = 50 LIMIT 1) GROUP BY (SELECT NAME FROM USERS WHERE ID = u.ID LIMIT 1) HAVING COUNT(*) > (SELECT ID FROM USERS WHERE ID = 1 LIMIT 1) LIMIT 10",250.660,106.620,0.425,IMPROVEMENT
2026-09-13T13:22:28.1689513,AdvancedTest,simple select by primary key,"SELECT ID, NAME FROM USERS WHERE ID = 50",12.340,0.207,0.017,IMPROVEMENT
2026-09-13T13:22:28.1689513,AliasesTest,complex select min max avg with join and group by,"SELECT u.NAME userName, t.TRANS_DATE transDate, MIN(u.AGE) minAge, MAX(u.AGE) maxAge, AVG(u.AGE) avgAge FROM USERS u INNER JOIN TRANSACTIONS t ON u.ID = t.USER_ID GROUP BY userName, transDate ORDER BY transDate DESC",59.990,2.419,0.040,IMPROVEMENT
2026-09-13T13:22:28.1731487,GroupByTest,simple group by sum count,"SELECT NAME, SUM(AGE), COUNT(AGE) FROM USERS GROUP BY NAME",5.280,1.409,0.267,IMPROVEMENT
2026-09-13T13:22:28.1799929,GroupByTest,complex group by join string date,"SELECT USERS.NAME, PROFILES.PROFILE_DATE, SUM(USERS.BALANCE), COUNT(USERS.BALANCE) FROM USERS INNER JOIN PROFILES ON USERS.ID = PROFILES.USER_ID GROUP BY USERS.NAME, PROFILES.PROFILE_DATE ORDER BY PROFILES.PROFILE_DATE DESC",37.800,5.904,0.156,IMPROVEMENT
2026-09-13T13:22:28.1823686,InTest,simple in on btree index,"SELECT ID, NAME FROM USERS WHERE AGE IN (50, 51, 52)",9.970,0.309,0.031,IMPROVEMENT
2026-09-13T13:22:28.1835263,JoinTest,simple inner join on primary key,"SELECT USERS.ID, USERS.NAME, USER_DETAILS.INFO FROM USERS INNER JOIN USER_DETAILS ON USERS.ID = USER_DETAILS.USER_ID WHERE USERS.ID IN (50, 51, 52)",32.650,1.684,0.052,IMPROVEMENT
2026-09-13T13:22:28.1845409,LikeTest,simple like on name,"SELECT ID, NAME FROM USERS WHERE NAME LIKE '%er50' AND NAME LIKE '%User50%' AND NAME LIKE 'User50%'",35.730,0.682,0.019,IMPROVEMENT
2026-09-13T13:22:28.1865358,OrderByTest,simple order by age desc,"SELECT ID, AGE FROM USERS ORDER BY AGE DESC",4.530,0.713,0.157,IMPROVEMENT
2026-09-13T13:22:28.1885284,PerformanceTest,simple select clustered index,"SELECT NAME, AGE FROM USERS WHERE USER_CODE = 'CODE50'",11.510,0.241,0.021,IMPROVEMENT
2026-09-13T13:22:28.1926026,SubqueriesTest,complex subquery in column where group by having,"SELECT (SELECT NAME FROM USERS WHERE ID = u.ID LIMIT 1) AS user_name, COUNT(*) AS user_count FROM USERS u WHERE AGE > (SELECT AGE FROM USERS WHERE ID = 50 LIMIT 1) GROUP BY (SELECT NAME FROM USERS WHERE ID = u.ID LIMIT 1) HAVING COUNT(*) > (SELECT ID FROM USERS WHERE ID = 1 LIMIT 1) LIMIT 10",250.660,125.455,0.500,IMPROVEMENT
2026-09-13T15:06:02.6175391,AdvancedTest,simple select by primary key,"SELECT ID, NAME FROM USERS WHERE ID = 50",12.340,0.337,0.027,IMPROVEMENT
2026-09-13T15:06:02.6175391,AliasesTest,complex select min max avg with join and group by,"SELECT u.NAME userName, t.TRANS_DATE transDate, MIN(u.AGE) minAge, MAX(u.AGE) maxAge, AVG(u.AGE) avgAge FROM USERS u INNER JOIN TRANSACTIONS t ON u.ID = t.USER_ID GROUP BY userName, transDate ORDER BY transDate DESC",59.990,2.696,0.045,IMPROVEMENT
2026-09-13T15:06:02.6271326,GroupByTest,simple group by sum count,"SELECT NAME, SUM(AGE), COUNT(AGE) FROM USERS GROUP BY NAME",5.280,1.166,0.221,IMPROVEMENT
2026-09-13T15:06:02.6291379,GroupByTest,complex group by join string date,"SELECT USERS.NAME, PROFILES.PROFILE_DATE, SUM(USERS.BALANCE), COUNT(USERS.BALANCE) FROM USERS INNER JOIN PROFILES ON USERS.ID = PROFILES.USER_ID GROUP BY USERS.NAME, PROFILES.PROFILE_DATE ORDER BY PROFILES.PROFILE_DATE DESC",37.800,9.717,0.257,IMPROVEMENT
2026-09-13T15:06:02.6326157,InTest,simple in on btree index,"SELECT ID, NAME FROM USERS WHERE AGE IN (50, 51, 52)",9.970,0.303,0.030,IMPROVEMENT
2026-09-13T15:06:02.6336115,JoinTest,simple inner join on primary key,"SELECT USERS.ID, USERS.NAME, USER_DETAILS.INFO FROM USERS INNER JOIN USER_DETAILS ON USERS.ID = USER_DETAILS.USER_ID WHERE USERS.ID IN (50, 51, 52)",32.650,1.187,0.036,IMPROVEMENT
2026-09-13T15:06:02.6356048,LikeTest,simple like on name,"SELECT ID, NAME FROM USERS WHERE NAME LIKE '%er50' AND NAME LIKE '%User50%' AND NAME LIKE 'User50%'",35.730,1.537,0.043,IMPROVEMENT
2026-09-13T15:06:02.6375981,OrderByTest,simple order by age desc,"SELECT ID, AGE FROM USERS ORDER BY AGE DESC",4.530,0.826,0.182,IMPROVEMENT
2026-09-13T15:06:02.6430789,PerformanceTest,simple select clustered index,"SELECT NAME, AGE FROM USERS WHERE USER_CODE = 'CODE50'",11.510,0.385,0.033,IMPROVEMENT
2026-09-13T15:06:02.6471009,SubqueriesTest,complex subquery in column where group by having,"SELECT (SELECT NAME FROM USERS WHERE ID = u.ID LIMIT 1) AS user_name, COUNT(*) AS user_count FROM USERS u WHERE AGE > (SELECT AGE FROM USERS WHERE ID = 50 LIMIT 1) GROUP BY (SELECT NAME FROM USERS WHERE ID = u.ID LIMIT 1) HAVING COUNT(*) > (SELECT ID FROM USERS WHERE ID = 1 LIMIT 1) LIMIT 10",250.660,113.158,0.451,IMPROVEMENT
2026-09-13T15:08:08.7594223,AdvancedTest,simple select by primary key,"SELECT ID, NAME FROM USERS WHERE ID = 50",12.340,1.522,0.123,IMPROVEMENT
2026-09-13T15:08:08.761173,AliasesTest,complex select min max avg with join and group by,"SELECT u.NAME userName, t.TRANS_DATE transDate, MIN(u.AGE) minAge, MAX(u.AGE) maxAge, AVG(u.AGE) avgAge FROM USERS u INNER JOIN TRANSACTIONS t ON u.ID = t.USER_ID GROUP BY userName, transDate ORDER BY transDate DESC",59.990,2.765,0.046,IMPROVEMENT
2026-09-13T15:08:08.7630986,GroupByTest,simple group by sum count,"SELECT NAME, SUM(AGE), COUNT(AGE) FROM USERS GROUP BY NAME",5.280,1.519,0.288,IMPROVEMENT
2026-09-13T15:08:08.7641022,GroupByTest,complex group by join string date,"SELECT USERS.NAME, PROFILES.PROFILE_DATE, SUM(USERS.BALANCE), COUNT(USERS.BALANCE) FROM USERS INNER JOIN PROFILES ON USERS.ID = PROFILES.USER_ID GROUP BY USERS.NAME, PROFILES.PROFILE_DATE ORDER BY PROFILES.PROFILE_DATE DESC",37.800,3.891,0.103,IMPROVEMENT
2026-09-13T15:08:08.7650999,InTest,simple in on btree index,"SELECT ID, NAME FROM USERS WHERE AGE IN (50, 51, 52)",9.970,0.433,0.043,IMPROVEMENT
2026-09-13T15:08:08.7708885,JoinTest,simple inner join on primary key,"SELECT USERS.ID, USERS.NAME, USER_DETAILS.INFO FROM USERS INNER JOIN USER_DETAILS ON USERS.ID = USER_DETAILS.USER_ID WHERE USERS.ID IN (50, 51, 52)",32.650,1.339,0.041,IMPROVEMENT
2026-09-13T15:08:08.7754606,LikeTest,simple like on name,"SELECT ID, NAME FROM USERS WHERE NAME LIKE '%er50' AND NAME LIKE '%User50%' AND NAME LIKE 'User50%'",35.730,0.739,0.021,IMPROVEMENT
2026-09-13T15:08:08.7765515,OrderByTest,simple order by age desc,"SELECT ID, AGE FROM USERS ORDER BY AGE DESC",4.530,0.831,0.183,IMPROVEMENT
2026-09-13T15:08:08.7785433,PerformanceTest,simple select clustered index,"SELECT NAME, AGE FROM USERS WHERE USER_CODE = 'CODE50'",11.510,0.266,0.023,IMPROVEMENT
2026-09-13T15:08:08.7785433,SubqueriesTest,complex subquery in column where group by having,"SELECT (SELECT NAME FROM USERS WHERE ID = u.ID LIMIT 1) AS user_name, COUNT(*) AS user_count FROM USERS u WHERE AGE > (SELECT AGE FROM USERS WHERE ID = 50 LIMIT 1) GROUP BY (SELECT NAME FROM USERS WHERE ID = u.ID LIMIT 1) HAVING COUNT(*) > (SELECT ID FROM USERS WHERE ID = 1 LIMIT 1) LIMIT 10",250.660,169.496,0.676,IMPROVEMENT
2026-09-13T15:10:58.4433582,AdvancedTest,simple select by primary key,"SELECT ID, NAME FROM USERS WHERE ID = 50",12.340,0.236,0.019,IMPROVEMENT
2026-09-13T15:10:58.4433582,AliasesTest,complex select min max avg with join and group by,"SELECT u.NAME userName, t.TRANS_DATE transDate, MIN(u.AGE) minAge, MAX(u.AGE) maxAge, AVG(u.AGE) avgAge FROM USERS u INNER JOIN TRANSACTIONS t ON u.ID = t.USER_ID GROUP BY userName, transDate ORDER BY transDate DESC",59.990,3.255,0.054,IMPROVEMENT
2026-09-13T15:10:58.4509077,GroupByTest,simple group by sum count,"SELECT NAME, SUM(AGE), COUNT(AGE) FROM USERS GROUP BY NAME",5.280,1.509,0.286,IMPROVEMENT
2026-09-13T15:10:58.4509077,GroupByTest,complex group by join string date,"SELECT USERS.NAME, PROFILES.PROFILE_DATE, SUM(USERS.BALANCE), COUNT(USERS.BALANCE) FROM USERS INNER JOIN PROFILES ON USERS.ID = PROFILES.USER_ID GROUP BY USERS.NAME, PROFILES.PROFILE_DATE ORDER BY PROFILES.PROFILE_DATE DESC",37.800,3.590,0.095,IMPROVEMENT
2026-09-13T15:10:58.4529147,InTest,simple in on btree index,"SELECT ID, NAME FROM USERS WHERE AGE IN (50, 51, 52)",9.970,0.394,0.040,IMPROVEMENT
2026-09-13T15:10:58.4549204,JoinTest,simple inner join on primary key,"SELECT USERS.ID, USERS.NAME, USER_DETAILS.INFO FROM USERS INNER JOIN USER_DETAILS ON USERS.ID = USER_DETAILS.USER_ID WHERE USERS.ID IN (50, 51, 52)",32.650,1.544,0.047,IMPROVEMENT
2026-09-13T15:10:58.456928,LikeTest,simple like on name,"SELECT ID, NAME FROM USERS WHERE NAME LIKE '%er50' AND NAME LIKE '%User50%' AND NAME LIKE 'User50%'",35.730,0.772,0.022,IMPROVEMENT
2026-09-13T15:10:58.4589363,OrderByTest,simple order by age desc,"SELECT ID, AGE FROM USERS ORDER BY AGE DESC",4.530,0.948,0.209,IMPROVEMENT
2026-09-13T15:10:58.4609454,PerformanceTest,simple select clustered index,"SELECT NAME, AGE FROM USERS WHERE USER_CODE = 'CODE50'",11.510,0.240,0.021,IMPROVEMENT
2026-09-13T15:10:58.4629597,SubqueriesTest,complex subquery in column where group by having,"SELECT (SELECT NAME FROM USERS WHERE ID = u.ID LIMIT 1) AS user_name, COUNT(*) AS user_count FROM USERS u WHERE AGE > (SELECT AGE FROM USERS WHERE ID = 50 LIMIT 1) GROUP BY (SELECT NAME FROM USERS WHERE ID = u.ID LIMIT 1) HAVING COUNT(*) > (SELECT ID FROM USERS WHERE ID = 1 LIMIT 1) LIMIT 10",250.660,75.387,0.301,IMPROVEMENT
2026-09-13T15:12:39.9684965,AdvancedTest,simple select by primary key,"SELECT ID, NAME FROM USERS WHERE ID = 50",12.340,0.287,0.023,IMPROVEMENT
2026-09-13T15:12:39.9725153,AliasesTest,complex select min max avg with join and group by,"SELECT u.NAME userName, t.TRANS_DATE transDate, MIN(u.AGE) minAge, MAX(u.AGE) maxAge, AVG(u.AGE) avgAge FROM USERS u INNER JOIN TRANSACTIONS t ON u.ID = t.USER_ID GROUP BY userName, transDate ORDER BY transDate DESC",59.990,2.468,0.041,IMPROVEMENT
2026-09-13T15:12:39.974523,GroupByTest,simple group by sum count,"SELECT NAME, SUM(AGE), COUNT(AGE) FROM USERS GROUP BY NAME",5.280,1.268,0.240,IMPROVEMENT
2026-09-13T15:12:39.9765299,GroupByTest,complex group by join string date,"SELECT USERS.NAME, PROFILES.PROFILE_DATE, SUM(USERS.BALANCE), COUNT(USERS.BALANCE) FROM USERS INNER JOIN PROFILES ON USERS.ID = PROFILES.USER_ID GROUP BY USERS.NAME, PROFILES.PROFILE_DATE ORDER BY PROFILES.PROFILE_DATE DESC",37.800,3.439,0.091,IMPROVEMENT
2026-09-13T15:12:39.9785363,InTest,simple in on btree index,"SELECT ID, NAME FROM USERS WHERE AGE IN (50, 51, 52)",9.970,0.306,0.031,IMPROVEMENT
2026-09-13T15:12:39.9805426,JoinTest,simple inner join on primary key,"SELECT USERS.ID, USERS.NAME, USER_DETAILS.INFO FROM USERS INNER JOIN USER_DETAILS ON USERS.ID = USER_DETAILS.USER_ID WHERE USERS.ID IN (50, 51, 52)",32.650,1.315,0.040,IMPROVEMENT
2026-09-13T15:12:39.9825488,LikeTest,simple like on name,"SELECT ID, NAME FROM USERS WHERE NAME LIKE '%er50' AND NAME LIKE '%User50%' AND NAME LIKE 'User50%'",35.730,0.698,0.020,IMPROVEMENT
2026-09-13T15:12:39.9842968,OrderByTest,simple order by age desc,"SELECT ID, AGE FROM USERS ORDER BY AGE DESC",4.530,0.818,0.181,IMPROVEMENT
2026-09-13T15:12:39.9863043,PerformanceTest,simple select clustered index,"SELECT NAME, AGE FROM USERS WHERE USER_CODE = 'CODE50'",11.510,0.227,0.020,IMPROVEMENT
2026-09-13T15:12:39.9883125,SubqueriesTest,complex subquery in column where group by having,"SELECT (SELECT NAME FROM USERS WHERE ID = u.ID LIMIT 1) AS user_name, COUNT(*) AS user_count FROM USERS u WHERE AGE > (SELECT AGE FROM USERS WHERE ID = 50 LIMIT 1) GROUP BY (SELECT NAME FROM USERS WHERE ID = u.ID LIMIT 1) HAVING COUNT(*) > (SELECT ID FROM USERS WHERE ID = 1 LIMIT 1) LIMIT 10",250.660,70.053,0.279,IMPROVEMENT
2026-09-13T17:41:21.5132678,AdvancedTest,simple select by primary key,"SELECT ID, NAME FROM USERS WHERE ID = 50",12.340,0.414,0.034,IMPROVEMENT
2026-09-13T17:41:21.5175971,AliasesTest,complex select min max avg with join and group by,"SELECT u.NAME userName, t.TRANS_DATE transDate, MIN(u.AGE) minAge, MAX(u.AGE) maxAge, AVG(u.AGE) avgAge FROM USERS u INNER JOIN TRANSACTIONS t ON u.ID = t.USER_ID GROUP BY userName, transDate ORDER BY transDate DESC",59.990,2.810,0.047,IMPROVEMENT
2026-09-13T17:41:21.5195928,GroupByTest,simple group by sum count,"SELECT NAME, SUM(AGE), COUNT(AGE) FROM USERS GROUP BY NAME",5.280,1.847,0.350,IMPROVEMENT
2026-09-13T17:41:21.520591,GroupByTest,complex group by join string date,"SELECT USERS.NAME, PROFILES.PROFILE_DATE, SUM(USERS.BALANCE), COUNT(USERS.BALANCE) FROM USERS INNER JOIN PROFILES ON USERS.ID = PROFILES.USER_ID GROUP BY USERS.NAME, PROFILES.PROFILE_DATE ORDER BY PROFILES.PROFILE_DATE DESC",37.800,3.669,0.097,IMPROVEMENT
2026-09-13T17:41:21.5228916,InTest,simple in on btree index,"SELECT ID, NAME FROM USERS WHERE AGE IN (50, 51, 52)",9.970,0.691,0.069,IMPROVEMENT
2026-09-13T17:41:21.5360686,JoinTest,simple inner join on primary key,"SELECT USERS.ID, USERS.NAME, USER_DETAILS.INFO FROM USERS INNER JOIN USER_DETAILS ON USERS.ID = USER_DETAILS.USER_ID WHERE USERS.ID IN (50, 51, 52)",32.650,1.560,0.048,IMPROVEMENT
2026-09-13T17:41:21.5380632,LikeTest,simple like on name,"SELECT ID, NAME FROM USERS WHERE NAME LIKE '%er50' AND NAME LIKE '%User50%' AND NAME LIKE 'User50%'",35.730,0.646,0.018,IMPROVEMENT
2026-09-13T17:41:21.5472593,OrderByTest,simple order by age desc,"SELECT ID, AGE FROM USERS ORDER BY AGE DESC",4.530,0.869,0.192,IMPROVEMENT
2026-09-13T17:41:21.5502416,PerformanceTest,simple select clustered index,"SELECT NAME, AGE FROM USERS WHERE USER_CODE = 'CODE50'",11.510,0.398,0.035,IMPROVEMENT
2026-09-13T17:41:21.5536094,SubqueriesTest,complex subquery in column where group by having,"SELECT (SELECT NAME FROM USERS WHERE ID = u.ID LIMIT 1) AS user_name, COUNT(*) AS user_count FROM USERS u WHERE AGE > (SELECT AGE FROM USERS WHERE ID = 50 LIMIT 1) GROUP BY (SELECT NAME FROM USERS WHERE ID = u.ID LIMIT 1) HAVING COUNT(*) > (SELECT ID FROM USERS WHERE ID = 1 LIMIT 1) LIMIT 10",250.660,89.348,0.356,IMPROVEMENT
2026-09-13T18:13:50.371931,AdvancedTest,simple select by primary key,"SELECT ID, NAME FROM USERS WHERE ID = 50",12.340,0.234,0.019,IMPROVEMENT
2026-09-13T18:13:50.3759448,AliasesTest,complex select min max avg with join and group by,"SELECT u.NAME userName, t.TRANS_DATE transDate, MIN(u.AGE) minAge, MAX(u.AGE) maxAge, AVG(u.AGE) avgAge FROM USERS u INNER JOIN TRANSACTIONS t ON u.ID = t.USER_ID GROUP BY userName, transDate ORDER BY transDate DESC",59.990,2.385,0.040,IMPROVEMENT
2026-09-13T18:13:50.3779516,GroupByTest,simple group by sum count,"SELECT NAME, SUM(AGE), COUNT(AGE) FROM USERS GROUP BY NAME",5.280,1.310,0.248,IMPROVEMENT
2026-09-13T18:13:50.3799601,GroupByTest,complex group by join string date,"SELECT USERS.NAME, PROFILES.PROFILE_DATE, SUM(USERS.BALANCE), COUNT(USERS.BALANCE) FROM USERS INNER JOIN PROFILES ON USERS.ID = PROFILES.USER_ID GROUP BY USERS.NAME, PROFILES.PROFILE_DATE ORDER BY PROFILES.PROFILE_DATE DESC",37.800,3.338,0.088,IMPROVEMENT
2026-09-13T18:13:50.3799601,InTest,simple in on btree index,"SELECT ID, NAME FROM USERS WHERE AGE IN (50, 51, 52)",9.970,0.378,0.038,IMPROVEMENT
2026-09-13T18:13:50.3839756,JoinTest,simple inner join on primary key,"SELECT USERS.ID, USERS.NAME, USER_DETAILS.INFO FROM USERS INNER JOIN USER_DETAILS ON USERS.ID = USER_DETAILS.USER_ID WHERE USERS.ID IN (50, 51, 52)",32.650,1.360,0.042,IMPROVEMENT
2026-09-13T18:13:50.3859849,LikeTest,simple like on name,"SELECT ID, NAME FROM USERS WHERE NAME LIKE '%er50' AND NAME LIKE '%User50%' AND NAME LIKE 'User50%'",35.730,0.645,0.018,IMPROVEMENT
2026-09-13T18:13:50.3877293,OrderByTest,simple order by age desc,"SELECT ID, AGE FROM USERS ORDER BY AGE DESC",4.530,0.843,0.186,IMPROVEMENT
2026-09-13T18:13:50.3917453,PerformanceTest,simple select clustered index,"SELECT NAME, AGE FROM USERS WHERE USER_CODE = 'CODE50'",11.510,0.210,0.018,IMPROVEMENT
2026-09-13T18:13:50.3937529,SubqueriesTest,complex subquery in column where group by having,"SELECT (SELECT NAME FROM USERS WHERE ID = u.ID LIMIT 1) AS user_name, COUNT(*) AS user_count FROM USERS u WHERE AGE > (SELECT AGE FROM USERS WHERE ID = 50 LIMIT 1) GROUP BY (SELECT NAME FROM USERS WHERE ID = u.ID LIMIT 1) HAVING COUNT(*) > (SELECT ID FROM USERS WHERE ID = 1 LIMIT 1) LIMIT 10",250.660,81.351,0.325,IMPROVEMENT
2026-09-13T18:15:52.601937,AdvancedTest,simple select by primary key,"SELECT ID, NAME FROM USERS WHERE ID = 50",12.340,0.252,0.020,IMPROVEMENT
2026-09-13T18:15:52.6056858,AliasesTest,complex select min max avg with join and group by,"SELECT u.NAME userName, t.TRANS_DATE transDate, MIN(u.AGE) minAge, MAX(u.AGE) maxAge, AVG(u.AGE) avgAge FROM USERS u INNER JOIN TRANSACTIONS t ON u.ID = t.USER_ID GROUP BY userName, transDate ORDER BY transDate DESC",59.990,2.741,0.046,IMPROVEMENT
2026-09-13T18:15:52.6076921,GroupByTest,simple group by sum count,"SELECT NAME, SUM(AGE), COUNT(AGE) FROM USERS GROUP BY NAME",5.280,1.280,0.243,IMPROVEMENT
2026-09-13T18:15:52.6117097,GroupByTest,complex group by join string date,"SELECT USERS.NAME, PROFILES.PROFILE_DATE, SUM(USERS.BALANCE), COUNT(USERS.BALANCE) FROM USERS INNER JOIN PROFILES ON USERS.ID = PROFILES.USER_ID GROUP BY USERS.NAME, PROFILES.PROFILE_DATE ORDER BY PROFILES.PROFILE_DATE DESC",37.800,3.302,0.087,IMPROVEMENT
2026-09-13T18:15:52.6194779,InTest,simple in on btree index,"SELECT ID, NAME FROM USERS WHERE AGE IN (50, 51, 52)",9.970,0.280,0.028,IMPROVEMENT
2026-09-13T18:15:52.6214843,JoinTest,simple inner join on primary key,"SELECT USERS.ID, USERS.NAME, USER_DETAILS.INFO FROM USERS INNER JOIN USER_DETAILS ON USERS.ID = USER_DETAILS.USER_ID WHERE USERS.ID IN (50, 51, 52)",32.650,1.441,0.044,IMPROVEMENT
2026-09-13T18:15:52.6234896,LikeTest,simple like on name,"SELECT ID, NAME FROM USERS WHERE NAME LIKE '%er50' AND NAME LIKE '%User50%' AND NAME LIKE 'User50%'",35.730,0.599,0.017,IMPROVEMENT
2026-09-13T18:15:52.6254952,OrderByTest,simple order by age desc,"SELECT ID, AGE FROM USERS ORDER BY AGE DESC",4.530,0.738,0.163,IMPROVEMENT
2026-09-13T18:15:52.6254952,PerformanceTest,simple select clustered index,"SELECT NAME, AGE FROM USERS WHERE USER_CODE = 'CODE50'",11.510,0.246,0.021,IMPROVEMENT
2026-09-13T18:15:52.629507,SubqueriesTest,complex subquery in column where group by having,"SELECT (SELECT NAME FROM USERS WHERE ID = u.ID LIMIT 1) AS user_name, COUNT(*) AS user_count FROM USERS u WHERE AGE > (SELECT AGE FROM USERS WHERE ID = 50 LIMIT 1) GROUP BY (SELECT NAME FROM USERS WHERE ID = u.ID LIMIT 1) HAVING COUNT(*) > (SELECT ID FROM USERS WHERE ID = 1 LIMIT 1) LIMIT 10",250.660,87.284,0.348,IMPROVEMENT
2026-09-13T23:14:34.5347504,AdvancedTest,simple select by primary key,"SELECT ID, NAME FROM USERS WHERE ID = 50",12.340,0.274,0.022,IMPROVEMENT
2026-09-13T23:14:34.5347504,AliasesTest,complex select min max avg with join and group by,"SELECT u.NAME userName, t.TRANS_DATE transDate, MIN(u.AGE) minAge, MAX(u.AGE) maxAge, AVG(u.AGE) avgAge FROM USERS u INNER JOIN TRANSACTIONS t ON u.ID = t.USER_ID GROUP BY userName, transDate ORDER BY transDate DESC",59.990,2.485,0.041,IMPROVEMENT
2026-09-13T23:14:34.5390205,GroupByTest,simple group by sum count,"SELECT NAME, SUM(AGE), COUNT(AGE) FROM USERS GROUP BY NAME",5.280,1.394,0.264,IMPROVEMENT
2026-09-13T23:14:34.5400255,GroupByTest,complex group by join string date,"SELECT USERS.NAME, PROFILES.PROFILE_DATE, SUM(USERS.BALANCE), COUNT(USERS.BALANCE) FROM USERS INNER JOIN PROFILES ON USERS.ID = PROFILES.USER_ID GROUP BY USERS.NAME, PROFILES.PROFILE_DATE ORDER BY PROFILES.PROFILE_DATE DESC",37.800,3.068,0.081,IMPROVEMENT
2026-09-13T23:14:34.5420232,InTest,simple in on btree index,"SELECT ID, NAME FROM USERS WHERE AGE IN (50, 51, 52)",9.970,0.369,0.037,IMPROVEMENT
2026-09-13T23:14:34.5462583,JoinTest,simple inner join on primary key,"SELECT USERS.ID, USERS.NAME, USER_DETAILS.INFO FROM USERS INNER JOIN USER_DETAILS ON USERS.ID = USER_DETAILS.USER_ID WHERE USERS.ID IN (50, 51, 52)",32.650,1.203,0.037,IMPROVEMENT
2026-09-13T23:14:34.5513744,LikeTest,simple like on name,"SELECT ID, NAME FROM USERS WHERE NAME LIKE '%er50' AND NAME LIKE '%User50%' AND NAME LIKE 'User50%'",35.730,0.625,0.017,IMPROVEMENT
2026-09-13T23:14:34.5527076,OrderByTest,simple order by age desc,"SELECT ID, AGE FROM USERS ORDER BY AGE DESC",4.530,0.751,0.166,IMPROVEMENT
2026-09-13T23:14:34.5537949,PerformanceTest,simple select clustered index,"SELECT NAME, AGE FROM USERS WHERE USER_CODE = 'CODE50'",11.510,0.194,0.017,IMPROVEMENT
2026-09-13T23:14:34.5537949,SubqueriesTest,complex subquery in column where group by having,"SELECT (SELECT NAME FROM USERS WHERE ID = u.ID LIMIT 1) AS user_name, COUNT(*) AS user_count FROM USERS u WHERE AGE > (SELECT AGE FROM USERS WHERE ID = 50 LIMIT 1) GROUP BY (SELECT NAME FROM USERS WHERE ID = u.ID LIMIT 1) HAVING COUNT(*) > (SELECT ID FROM USERS WHERE ID = 1 LIMIT 1) LIMIT 10",250.660,81.500,0.325,IMPROVEMENT
2026-09-13T23:19:12.4165418,AdvancedTest,simple select by primary key,"SELECT ID, NAME FROM USERS WHERE ID = 50",12.340,0.196,0.016,IMPROVEMENT
2026-09-13T23:19:12.4185467,AliasesTest,complex select min max avg with join and group by,"SELECT u.NAME userName, t.TRANS_DATE transDate, MIN(u.AGE) minAge, MAX(u.AGE) maxAge, AVG(u.AGE) avgAge FROM USERS u INNER JOIN TRANSACTIONS t ON u.ID = t.USER_ID GROUP BY userName, transDate ORDER BY transDate DESC",59.990,2.185,0.036,IMPROVEMENT
2026-09-13T23:19:12.4205508,GroupByTest,simple group by sum count,"SELECT NAME, SUM(AGE), COUNT(AGE) FROM USERS GROUP BY NAME",5.280,1.041,0.197,IMPROVEMENT
2026-09-13T23:19:12.4205508,GroupByTest,complex group by join string date,"SELECT USERS.NAME, PROFILES.PROFILE_DATE, SUM(USERS.BALANCE), COUNT(USERS.BALANCE) FROM USERS INNER JOIN PROFILES ON USERS.ID = PROFILES.USER_ID GROUP BY USERS.NAME, PROFILES.PROFILE_DATE ORDER BY PROFILES.PROFILE_DATE DESC",37.800,3.183,0.084,IMPROVEMENT
2026-09-13T23:19:12.4205508,InTest,simple in on btree index,"SELECT ID, NAME FROM USERS WHERE AGE IN (50, 51, 52)",9.970,0.331,0.033,IMPROVEMENT
2026-09-13T23:19:12.4205508,JoinTest,simple inner join on primary key,"SELECT USERS.ID, USERS.NAME, USER_DETAILS.INFO FROM USERS INNER JOIN USER_DETAILS ON USERS.ID = USER_DETAILS.USER_ID WHERE USERS.ID IN (50, 51, 52)",32.650,1.158,0.035,IMPROVEMENT
2026-09-13T23:19:12.4260112,LikeTest,simple like on name,"SELECT ID, NAME FROM USERS WHERE NAME LIKE '%er50' AND NAME LIKE '%User50%' AND NAME LIKE 'User50%'",35.730,0.507,0.014,IMPROVEMENT
2026-09-13T23:19:12.4260112,OrderByTest,simple order by age desc,"SELECT ID, AGE FROM USERS ORDER BY AGE DESC",4.530,0.721,0.159,IMPROVEMENT
2026-09-13T23:19:12.4260112,PerformanceTest,simple select clustered index,"SELECT NAME, AGE FROM USERS WHERE USER_CODE = 'CODE50'",11.510,0.243,0.021,IMPROVEMENT
2026-09-13T23:19:12.4260112,SubqueriesTest,complex subquery in column where group by having,"SELECT (SELECT NAME FROM USERS WHERE ID = u.ID LIMIT 1) AS user_name, COUNT(*) AS user_count FROM USERS u WHERE AGE > (SELECT AGE FROM USERS WHERE ID = 50 LIMIT 1) GROUP BY (SELECT NAME FROM USERS WHERE ID = u.ID LIMIT 1) HAVING COUNT(*) > (SELECT ID FROM USERS WHERE ID = 1 LIMIT 1) LIMIT 10",250.660,70.188,0.280,IMPROVEMENT
2026-09-13T23:24:13.5119307,AdvancedTest,simple select by primary key,"SELECT ID, NAME FROM USERS WHERE ID = 50",12.340,0.326,0.026,IMPROVEMENT
2026-09-13T23:24:13.5152681,AliasesTest,complex select min max avg with join and group by,"SELECT u.NAME userName, t.TRANS_DATE transDate, MIN(u.AGE) minAge, MAX(u.AGE) maxAge, AVG(u.AGE) avgAge FROM USERS u INNER JOIN TRANSACTIONS t ON u.ID = t.USER_ID GROUP BY userName, transDate ORDER BY transDate DESC",59.990,1.823,0.030,IMPROVEMENT
2026-09-13T23:24:13.5172744,GroupByTest,simple group by sum count,"SELECT NAME, SUM(AGE), COUNT(AGE) FROM USERS GROUP BY NAME",5.280,1.607,0.304,IMPROVEMENT
2026-09-13T23:24:13.5192828,GroupByTest,complex group by join string date,"SELECT USERS.NAME, PROFILES.PROFILE_DATE, SUM(USERS.BALANCE), COUNT(USERS.BALANCE) FROM USERS INNER JOIN PROFILES ON USERS.ID = PROFILES.USER_ID GROUP BY USERS.NAME, PROFILES.PROFILE_DATE ORDER BY PROFILES.PROFILE_DATE DESC",37.800,4.132,0.109,IMPROVEMENT
2026-09-13T23:24:13.5212923,InTest,simple in on btree index,"SELECT ID, NAME FROM USERS WHERE AGE IN (50, 51, 52)",9.970,0.291,0.029,IMPROVEMENT
2026-09-13T23:24:13.523302,JoinTest,simple inner join on primary key,"SELECT USERS.ID, USERS.NAME, USER_DETAILS.INFO FROM USERS INNER JOIN USER_DETAILS ON USERS.ID = USER_DETAILS.USER_ID WHERE USERS.ID IN (50, 51, 52)",32.650,1.527,0.047,IMPROVEMENT
2026-09-13T23:24:13.5253109,LikeTest,simple like on name,"SELECT ID, NAME FROM USERS WHERE NAME LIKE '%er50' AND NAME LIKE '%User50%' AND NAME LIKE 'User50%'",35.730,0.671,0.019,IMPROVEMENT
2026-09-13T23:24:13.5260464,OrderByTest,simple order by age desc,"SELECT ID, AGE FROM USERS ORDER BY AGE DESC",4.530,0.794,0.175,IMPROVEMENT
2026-09-13T23:24:13.5272867,PerformanceTest,simple select clustered index,"SELECT NAME, AGE FROM USERS WHERE USER_CODE = 'CODE50'",11.510,0.275,0.024,IMPROVEMENT
2026-09-13T23:24:13.5282925,SubqueriesTest,complex subquery in column where group by having,"SELECT (SELECT NAME FROM USERS WHERE ID = u.ID LIMIT 1) AS user_name, COUNT(*) AS user_count FROM USERS u WHERE AGE > (SELECT AGE FROM USERS WHERE ID = 50 LIMIT 1) GROUP BY (SELECT NAME FROM USERS WHERE ID = u.ID LIMIT 1) HAVING COUNT(*) > (SELECT ID FROM USERS WHERE ID = 1 LIMIT 1) LIMIT 10",250.660,123.405,0.492,IMPROVEMENT
2026-09-13T23:29:28.9659316,AdvancedTest,simple select by primary key,"SELECT ID, NAME FROM USERS WHERE ID = 50",12.340,0.200,0.016,IMPROVEMENT
2026-09-13T23:29:28.9659316,AliasesTest,complex select min max avg with join and group by,"SELECT u.NAME userName, t.TRANS_DATE transDate, MIN(u.AGE) minAge, MAX(u.AGE) maxAge, AVG(u.AGE) avgAge FROM USERS u INNER JOIN TRANSACTIONS t ON u.ID = t.USER_ID GROUP BY userName, transDate ORDER BY transDate DESC",59.990,2.018,0.034,IMPROVEMENT
2026-09-13T23:29:28.968865,GroupByTest,simple group by sum count,"SELECT NAME, SUM(AGE), COUNT(AGE) FROM USERS GROUP BY NAME",5.280,1.179,0.223,IMPROVEMENT
2026-09-13T23:29:28.9749798,GroupByTest,complex group by join string date,"SELECT USERS.NAME, PROFILES.PROFILE_DATE, SUM(USERS.BALANCE), COUNT(USERS.BALANCE) FROM USERS INNER JOIN PROFILES ON USERS.ID = PROFILES.USER_ID GROUP BY USERS.NAME, PROFILES.PROFILE_DATE ORDER BY PROFILES.PROFILE_DATE DESC",37.800,3.143,0.083,IMPROVEMENT
2026-09-13T23:29:28.976985,InTest,simple in on btree index,"SELECT ID, NAME FROM USERS WHERE AGE IN (50, 51, 52)",9.970,0.270,0.027,IMPROVEMENT
2026-09-13T23:29:28.9793259,JoinTest,simple inner join on primary key,"SELECT USERS.ID, USERS.NAME, USER_DETAILS.INFO FROM USERS INNER JOIN USER_DETAILS ON USERS.ID = USER_DETAILS.USER_ID WHERE USERS.ID IN (50, 51, 52)",32.650,1.403,0.043,IMPROVEMENT
2026-09-13T23:29:28.9805704,LikeTest,simple like on name,"SELECT ID, NAME FROM USERS WHERE NAME LIKE '%er50' AND NAME LIKE '%User50%' AND NAME LIKE 'User50%'",35.730,0.590,0.017,IMPROVEMENT
2026-09-13T23:29:28.9818193,OrderByTest,simple order by age desc,"SELECT ID, AGE FROM USERS ORDER BY AGE DESC",4.530,0.820,0.181,IMPROVEMENT
2026-09-13T23:29:28.9831973,PerformanceTest,simple select clustered index,"SELECT NAME, AGE FROM USERS WHERE USER_CODE = 'CODE50'",11.510,0.252,0.022,IMPROVEMENT
2026-09-13T23:29:28.9841948,SubqueriesTest,complex subquery in column where group by having,"SELECT (SELECT NAME FROM USERS WHERE ID = u.ID LIMIT 1) AS user_name, COUNT(*) AS user_count FROM USERS u WHERE AGE > (SELECT AGE FROM USERS WHERE ID = 50 LIMIT 1) GROUP BY (SELECT NAME FROM USERS WHERE ID = u.ID LIMIT 1) HAVING COUNT(*) > (SELECT ID FROM USERS WHERE ID = 1 LIMIT 1) LIMIT 10",250.660,96.979,0.387,IMPROVEMENT
2026-09-14T01:40:53.1736107,AdvancedTest,simple select by primary key,"SELECT ID, NAME FROM USERS WHERE ID = 50",12.340,0.110,0.009,IMPROVEMENT
2026-09-14T01:40:53.176598,AliasesTest,complex select min max avg with join and group by,"SELECT u.NAME userName, t.TRANS_DATE transDate, MIN(u.AGE) minAge, MAX(u.AGE) maxAge, AVG(u.AGE) avgAge FROM USERS u INNER JOIN TRANSACTIONS t ON u.ID = t.USER_ID GROUP BY userName, transDate ORDER BY transDate DESC",59.990,1.702,0.028,IMPROVEMENT
2026-09-14T01:40:53.1775977,GroupByTest,simple group by sum count,"SELECT NAME, SUM(AGE), COUNT(AGE) FROM USERS GROUP BY NAME",5.280,0.735,0.139,IMPROVEMENT
2026-09-14T01:40:53.1786038,GroupByTest,complex group by join string date,"SELECT USERS.NAME, PROFILES.PROFILE_DATE, SUM(USERS.BALANCE), COUNT(USERS.BALANCE) FROM USERS INNER JOIN PROFILES ON USERS.ID = PROFILES.USER_ID GROUP BY USERS.NAME, PROFILES.PROFILE_DATE ORDER BY PROFILES.PROFILE_DATE DESC",37.800,1.869,0.049,IMPROVEMENT
2026-09-14T01:40:53.1795964,InTest,simple in on btree index,"SELECT ID, NAME FROM USERS WHERE AGE IN (50, 51, 52)",9.970,0.139,0.014,IMPROVEMENT
2026-09-14T01:40:53.1795964,JoinTest,simple inner join on primary key,"SELECT USERS.ID, USERS.NAME, USER_DETAILS.INFO FROM USERS INNER JOIN USER_DETAILS ON USERS.ID = USER_DETAILS.USER_ID WHERE USERS.ID IN (50, 51, 52)",32.650,0.728,0.022,IMPROVEMENT
2026-09-14T01:40:53.1815993,LikeTest,simple like on name,"SELECT ID, NAME FROM USERS WHERE NAME LIKE '%er50' AND NAME LIKE '%User50%' AND NAME LIKE 'User50%'",35.730,0.378,0.011,IMPROVEMENT
2026-09-14T01:40:53.1815993,OrderByTest,simple order by age desc,"SELECT ID, AGE FROM USERS ORDER BY AGE DESC",4.530,0.532,0.117,IMPROVEMENT
2026-09-14T01:40:53.1825962,PerformanceTest,simple select clustered index,"SELECT NAME, AGE FROM USERS WHERE USER_CODE = 'CODE50'",11.510,0.105,0.009,IMPROVEMENT
2026-09-14T01:40:53.1835963,SubqueriesTest,complex subquery in column where group by having,"SELECT (SELECT NAME FROM USERS WHERE ID = u.ID LIMIT 1) AS user_name, COUNT(*) AS user_count FROM USERS u WHERE AGE > (SELECT AGE FROM USERS WHERE ID = 50 LIMIT 1) GROUP BY (SELECT NAME FROM USERS WHERE ID = u.ID LIMIT 1) HAVING COUNT(*) > (SELECT ID FROM USERS WHERE ID = 1 LIMIT 1) LIMIT 10",250.660,46.160,0.184,IMPROVEMENT
2026-09-14T01:53:54.7062904,AdvancedTest,simple select by primary key,"SELECT ID, NAME FROM USERS WHERE ID = 50",12.340,0.137,0.011,IMPROVEMENT
2026-09-14T01:53:54.7082889,AliasesTest,complex select min max avg with join and group by,"SELECT u.NAME userName, t.TRANS_DATE transDate, MIN(u.AGE) minAge, MAX(u.AGE) maxAge, AVG(u.AGE) avgAge FROM USERS u INNER JOIN TRANSACTIONS t ON u.ID = t.USER_ID GROUP BY userName, transDate ORDER BY transDate DESC",59.990,1.704,0.028,IMPROVEMENT
2026-09-14T01:53:54.7092899,GroupByTest,simple group by sum count,"SELECT NAME, SUM(AGE), COUNT(AGE) FROM USERS GROUP BY NAME",5.280,0.613,0.116,IMPROVEMENT
2026-09-14T01:53:54.7102897,GroupByTest,complex group by join string date,"SELECT USERS.NAME, PROFILES.PROFILE_DATE, SUM(USERS.BALANCE), COUNT(USERS.BALANCE) FROM USERS INNER JOIN PROFILES ON USERS.ID = PROFILES.USER_ID GROUP BY USERS.NAME, PROFILES.PROFILE_DATE ORDER BY PROFILES.PROFILE_DATE DESC",37.800,2.126,0.056,IMPROVEMENT
2026-09-14T01:53:54.7112893,InTest,simple in on btree index,"SELECT ID, NAME FROM USERS WHERE AGE IN (50, 51, 52)",9.970,0.122,0.012,IMPROVEMENT
2026-09-14T01:53:54.7122898,JoinTest,simple inner join on primary key,"SELECT USERS.ID, USERS.NAME, USER_DETAILS.INFO FROM USERS INNER JOIN USER_DETAILS ON USERS.ID = USER_DETAILS.USER_ID WHERE USERS.ID IN (50, 51, 52)",32.650,0.665,0.020,IMPROVEMENT
2026-09-14T01:53:54.7122898,LikeTest,simple like on name,"SELECT ID, NAME FROM USERS WHERE NAME LIKE '%er50' AND NAME LIKE '%User50%' AND NAME LIKE 'User50%'",35.730,0.318,0.009,IMPROVEMENT
2026-09-14T01:53:54.7132861,OrderByTest,simple order by age desc,"SELECT ID, AGE FROM USERS ORDER BY AGE DESC",4.530,0.482,0.106,IMPROVEMENT
2026-09-14T01:53:54.7142878,PerformanceTest,simple select clustered index,"SELECT NAME, AGE FROM USERS WHERE USER_CODE = 'CODE50'",11.510,0.108,0.009,IMPROVEMENT
2026-09-14T01:53:54.7152853,SubqueriesTest,complex subquery in column where group by having,"SELECT (SELECT NAME FROM USERS WHERE ID = u.ID LIMIT 1) AS user_name, COUNT(*) AS user_count FROM USERS u WHERE AGE > (SELECT AGE FROM USERS WHERE ID = 50 LIMIT 1) GROUP BY (SELECT NAME FROM USERS WHERE ID = u.ID LIMIT 1) HAVING COUNT(*) > (SELECT ID FROM USERS WHERE ID = 1 LIMIT 1) LIMIT 10",250.660,41.814,0.167,IMPROVEMENT
2026-09-14T02:06:55.4838691,AdvancedTest,simple select by primary key,"SELECT ID, NAME FROM USERS WHERE ID = 50",12.340,0.097,0.008,IMPROVEMENT
2026-09-14T02:06:55.4858687,AliasesTest,complex select min max avg with join and group by,"SELECT u.NAME userName, t.TRANS_DATE transDate, MIN(u.AGE) minAge, MAX(u.AGE) maxAge, AVG(u.AGE) avgAge FROM USERS u INNER JOIN TRANSACTIONS t ON u.ID = t.USER_ID GROUP BY userName, transDate ORDER BY transDate DESC",59.990,1.619,0.027,IMPROVEMENT
2026-09-14T02:06:55.4868689,GroupByTest,simple group by sum count,"SELECT NAME, SUM(AGE), COUNT(AGE) FROM USERS GROUP BY NAME",5.280,0.603,0.114,IMPROVEMENT
2026-09-14T02:06:55.4888721,GroupByTest,complex group by join string date,"SELECT USERS.NAME, PROFILES.PROFILE_DATE, SUM(USERS.BALANCE), COUNT(USERS.BALANCE) FROM USERS INNER JOIN PROFILES ON USERS.ID = PROFILES.USER_ID GROUP BY USERS.NAME, PROFILES.PROFILE_DATE ORDER BY PROFILES.PROFILE_DATE DESC",37.800,1.903,0.050,IMPROVEMENT
2026-09-14T02:06:55.4898723,InTest,simple in on btree index,"SELECT ID, NAME FROM USERS WHERE AGE IN (50, 51, 52)",9.970,0.108,0.011,IMPROVEMENT
2026-09-14T02:06:55.4908721,JoinTest,simple inner join on primary key,"SELECT USERS.ID, USERS.NAME, USER_DETAILS.INFO FROM USERS INNER JOIN USER_DETAILS ON USERS.ID = USER_DETAILS.USER_ID WHERE USERS.ID IN (50, 51, 52)",32.650,0.522,0.016,IMPROVEMENT
2026-09-14T02:06:55.4938692,LikeTest,simple like on name,"SELECT ID, NAME FROM USERS WHERE NAME LIKE '%er50' AND NAME LIKE '%User50%' AND NAME LIKE 'User50%'",35.730,0.255,0.007,IMPROVEMENT
2026-09-14T02:06:55.4948696,OrderByTest,simple order by age desc,"SELECT ID, AGE FROM USERS ORDER BY AGE DESC",4.530,0.341,0.075,IMPROVEMENT
2026-09-14T02:06:55.4958695,PerformanceTest,simple select clustered index,"SELECT NAME, AGE FROM USERS WHERE USER_CODE = 'CODE50'",11.510,0.090,0.008,IMPROVEMENT
2026-09-14T02:06:55.4958695,SubqueriesTest,complex subquery in column where group by having,"SELECT (SELECT NAME FROM USERS WHERE ID = u.ID LIMIT 1) AS user_name, COUNT(*) AS user_count FROM USERS u WHERE AGE > (SELECT AGE FROM USERS WHERE ID = 50 LIMIT 1) GROUP BY (SELECT NAME FROM USERS WHERE ID = u.ID LIMIT 1) HAVING COUNT(*) > (SELECT ID FROM USERS WHERE ID = 1 LIMIT 1) LIMIT 10",250.660,45.318,0.181,IMPROVEMENT
2026-09-14T02:14:36.3441634,AdvancedTest,simple select by primary key,"SELECT ID, NAME FROM USERS WHERE ID = 50",12.340,0.085,0.007,IMPROVEMENT
2026-09-14T02:14:36.3471664,AliasesTest,complex select min max avg with join and group by,"SELECT u.NAME userName, t.TRANS_DATE transDate, MIN(u.AGE) minAge, MAX(u.AGE) maxAge, AVG(u.AGE) avgAge FROM USERS u INNER JOIN TRANSACTIONS t ON u.ID = t.USER_ID GROUP BY userName, transDate ORDER BY transDate DESC",59.990,1.404,0.023,IMPROVEMENT
2026-09-14T02:14:36.3481679,GroupByTest,simple group by sum count,"SELECT NAME, SUM(AGE), COUNT(AGE) FROM USERS GROUP BY NAME",5.280,0.533,0.101,IMPROVEMENT
2026-09-14T02:14:36.3491651,GroupByTest,complex group by join string date,"SELECT USERS.NAME, PROFILES.PROFILE_DATE, SUM(USERS.BALANCE), COUNT(USERS.BALANCE) FROM USERS INNER JOIN PROFILES ON USERS.ID = PROFILES.USER_ID GROUP BY USERS.NAME, PROFILES.PROFILE_DATE ORDER BY PROFILES.PROFILE_DATE DESC",37.800,1.582,0.042,IMPROVEMENT
2026-09-14T02:14:36.3501916,InTest,simple in on btree index,"SELECT ID, NAME FROM USERS WHERE AGE IN (50, 51, 52)",9.970,0.084,0.008,IMPROVEMENT
2026-09-14T02:14:36.3511697,JoinTest,simple inner join on primary key,"SELECT USERS.ID, USERS.NAME, USER_DETAILS.INFO FROM USERS INNER JOIN USER_DETAILS ON USERS.ID = USER_DETAILS.USER_ID WHERE USERS.ID IN (50, 51, 52)",32.650,0.635,0.019,IMPROVEMENT
2026-09-14T02:14:36.3521695,LikeTest,simple like on name,"SELECT ID, NAME FROM USERS WHERE NAME LIKE '%er50' AND NAME LIKE '%User50%' AND NAME LIKE 'User50%'",35.730,0.218,0.006,IMPROVEMENT
2026-09-14T02:14:36.3541777,OrderByTest,simple order by age desc,"SELECT ID, AGE FROM USERS ORDER BY AGE DESC",4.530,0.618,0.136,IMPROVEMENT
2026-09-14T02:14:36.3551665,PerformanceTest,simple select clustered index,"SELECT NAME, AGE FROM USERS WHERE USER_CODE = 'CODE50'",11.510,0.100,0.009,IMPROVEMENT
2026-09-14T02:14:36.3561654,SubqueriesTest,complex subquery in column where group by having,"SELECT (SELECT NAME FROM USERS WHERE ID = u.ID LIMIT 1) AS user_name, COUNT(*) AS user_count FROM USERS u WHERE AGE > (SELECT AGE FROM USERS WHERE ID = 50 LIMIT 1) GROUP BY (SELECT NAME FROM USERS WHERE ID = u.ID LIMIT 1) HAVING COUNT(*) > (SELECT ID FROM USERS WHERE ID = 1 LIMIT 1) LIMIT 10",250.660,41.920,0.167,IMPROVEMENT
2026-09-14T02:38:23.6301062,AdvancedTest,simple select by primary key,"SELECT ID, NAME FROM USERS WHERE ID = 50",12.340,0.104,0.008,IMPROVEMENT
2026-09-14T02:38:23.633104,AliasesTest,complex select min max avg with join and group by,"SELECT u.NAME userName, t.TRANS_DATE transDate, MIN(u.AGE) minAge, MAX(u.AGE) maxAge, AVG(u.AGE) avgAge FROM USERS u INNER JOIN TRANSACTIONS t ON u.ID = t.USER_ID GROUP BY userName, transDate ORDER BY transDate DESC",59.990,1.391,0.023,IMPROVEMENT
2026-09-14T02:38:23.6371021,GroupByTest,simple group by sum count,"SELECT NAME, SUM(AGE), COUNT(AGE) FROM USERS GROUP BY NAME",5.280,0.672,0.127,IMPROVEMENT
2026-09-14T02:38:23.6411084,GroupByTest,complex group by join string date,"SELECT USERS.NAME, PROFILES.PROFILE_DATE, SUM(USERS.BALANCE), COUNT(USERS.BALANCE) FROM USERS INNER JOIN PROFILES ON USERS.ID = PROFILES.USER_ID GROUP BY USERS.NAME, PROFILES.PROFILE_DATE ORDER BY PROFILES.PROFILE_DATE DESC",37.800,2.114,0.056,IMPROVEMENT
2026-09-14T02:38:23.6421069,InTest,simple in on btree index,"SELECT ID, NAME FROM USERS WHERE AGE IN (50, 51, 52)",9.970,0.113,0.011,IMPROVEMENT
2026-09-14T02:38:23.6461086,JoinTest,simple inner join on primary key,"SELECT USERS.ID, USERS.NAME, USER_DETAILS.INFO FROM USERS INNER JOIN USER_DETAILS ON USERS.ID = USER_DETAILS.USER_ID WHERE USERS.ID IN (50, 51, 52)",32.650,0.503,0.015,IMPROVEMENT
2026-09-14T02:38:23.6491039,LikeTest,simple like on name,"SELECT ID, NAME FROM USERS WHERE NAME LIKE '%er50' AND NAME LIKE '%User50%' AND NAME LIKE 'User50%'",35.730,0.609,0.017,IMPROVEMENT
2026-09-14T02:38:23.6501095,OrderByTest,simple order by age desc,"SELECT ID, AGE FROM USERS ORDER BY AGE DESC",4.530,0.374,0.083,IMPROVEMENT
2026-09-14T02:38:23.6521045,PerformanceTest,simple select clustered index,"SELECT NAME, AGE FROM USERS WHERE USER_CODE = 'CODE50'",11.510,0.102,0.009,IMPROVEMENT
2026-09-14T02:38:23.6571041,SubqueriesTest,complex subquery in column where group by having,"SELECT (SELECT NAME FROM USERS WHERE ID = u.ID LIMIT 1) AS user_name, COUNT(*) AS user_count FROM USERS u WHERE AGE > (SELECT AGE FROM USERS WHERE ID = 50 LIMIT 1) GROUP BY (SELECT NAME FROM USERS WHERE ID = u.ID LIMIT 1) HAVING COUNT(*) > (SELECT ID FROM USERS WHERE ID = 1 LIMIT 1) LIMIT 10",250.660,48.590,0.194,IMPROVEMENT
2026-09-14T03:07:34.1275993,AdvancedTest,simple select by primary key,"SELECT ID, NAME FROM USERS WHERE ID = 50",12.340,0.373,0.030,IMPROVEMENT
2026-09-14T03:07:34.1296001,AliasesTest,complex select min max avg with join and group by,"SELECT u.NAME userName, t.TRANS_DATE transDate, MIN(u.AGE) minAge, MAX(u.AGE) maxAge, AVG(u.AGE) avgAge FROM USERS u INNER JOIN TRANSACTIONS t ON u.ID = t.USER_ID GROUP BY userName, transDate ORDER BY transDate DESC",59.990,2.320,0.039,IMPROVEMENT
2026-09-14T03:07:34.1306023,GroupByTest,simple group by sum count,"SELECT NAME, SUM(AGE), COUNT(AGE) FROM USERS GROUP BY NAME",5.280,0.949,0.180,IMPROVEMENT
2026-09-14T03:07:34.1326035,GroupByTest,complex group by join string date,"SELECT USERS.NAME, PROFILES.PROFILE_DATE, SUM(USERS.BALANCE), COUNT(USERS.BALANCE) FROM USERS INNER JOIN PROFILES ON USERS.ID = PROFILES.USER_ID GROUP BY USERS.NAME, PROFILES.PROFILE_DATE ORDER BY PROFILES.PROFILE_DATE DESC",37.800,2.944,0.078,IMPROVEMENT
2026-09-14T03:07:34.1335964,InTest,simple in on btree index,"SELECT ID, NAME FROM USERS WHERE AGE IN (50, 51, 52)",9.970,0.214,0.021,IMPROVEMENT
2026-09-14T03:07:34.1345957,JoinTest,simple inner join on primary key,"SELECT USERS.ID, USERS.NAME, USER_DETAILS.INFO FROM USERS INNER JOIN USER_DETAILS ON USERS.ID = USER_DETAILS.USER_ID WHERE USERS.ID IN (50, 51, 52)",32.650,1.251,0.038,IMPROVEMENT
2026-09-14T03:07:34.1366087,LikeTest,simple like on name,"SELECT ID, NAME FROM USERS WHERE NAME LIKE '%er50' AND NAME LIKE '%User50%' AND NAME LIKE 'User50%'",35.730,0.418,0.012,IMPROVEMENT
2026-09-14T03:07:34.1385985,OrderByTest,simple order by age desc,"SELECT ID, AGE FROM USERS ORDER BY AGE DESC",4.530,0.588,0.130,IMPROVEMENT
2026-09-14T03:07:34.1406254,PerformanceTest,simple select clustered index,"SELECT NAME, AGE FROM USERS WHERE USER_CODE = 'CODE50'",11.510,0.134,0.012,IMPROVEMENT
2026-09-14T03:07:34.1426076,SubqueriesTest,complex subquery in column where group by having,"SELECT (SELECT NAME FROM USERS WHERE ID = u.ID LIMIT 1) AS user_name, COUNT(*) AS user_count FROM USERS u WHERE AGE > (SELECT AGE FROM USERS WHERE ID = 50 LIMIT 1) GROUP BY (SELECT NAME FROM USERS WHERE ID = u.ID LIMIT 1) HAVING COUNT(*) > (SELECT ID FROM USERS WHERE ID = 1 LIMIT 1) LIMIT 10",250.660,67.003,0.267,IMPROVEMENT
2026-09-14T03:11:49.7432996,AdvancedTest,simple select by primary key,"SELECT ID, NAME FROM USERS WHERE ID = 50",12.340,0.180,0.015,IMPROVEMENT
2026-09-14T03:11:49.7462997,AliasesTest,complex select min max avg with join and group by,"SELECT u.NAME userName, t.TRANS_DATE transDate, MIN(u.AGE) minAge, MAX(u.AGE) maxAge, AVG(u.AGE) avgAge FROM USERS u INNER JOIN TRANSACTIONS t ON u.ID = t.USER_ID GROUP BY userName, transDate ORDER BY transDate DESC",59.990,2.241,0.037,IMPROVEMENT
2026-09-14T03:11:49.7482987,GroupByTest,simple group by sum count,"SELECT NAME, SUM(AGE), COUNT(AGE) FROM USERS GROUP BY NAME",5.280,1.023,0.194,IMPROVEMENT
2026-09-14T03:11:49.7502968,GroupByTest,complex group by join string date,"SELECT USERS.NAME, PROFILES.PROFILE_DATE, SUM(USERS.BALANCE), COUNT(USERS.BALANCE) FROM USERS INNER JOIN PROFILES ON USERS.ID = PROFILES.USER_ID GROUP BY USERS.NAME, PROFILES.PROFILE_DATE ORDER BY PROFILES.PROFILE_DATE DESC",37.800,2.667,0.071,IMPROVEMENT
2026-09-14T03:11:49.7512989,InTest,simple in on btree index,"SELECT ID, NAME FROM USERS WHERE AGE IN (50, 51, 52)",9.970,0.164,0.016,IMPROVEMENT
2026-09-14T03:11:49.752298,JoinTest,simple inner join on primary key,"SELECT USERS.ID, USERS.NAME, USER_DETAILS.INFO FROM USERS INNER JOIN USER_DETAILS ON USERS.ID = USER_DETAILS.USER_ID WHERE USERS.ID IN (50, 51, 52)",32.650,1.087,0.033,IMPROVEMENT
2026-09-14T03:11:49.7532973,LikeTest,simple like on name,"SELECT ID, NAME FROM USERS WHERE NAME LIKE '%er50' AND NAME LIKE '%User50%' AND NAME LIKE 'User50%'",35.730,0.424,0.012,IMPROVEMENT
2026-09-14T03:11:49.7542984,OrderByTest,simple order by age desc,"SELECT ID, AGE FROM USERS ORDER BY AGE DESC",4.530,0.692,0.153,IMPROVEMENT
2026-09-14T03:11:49.7553005,PerformanceTest,simple select clustered index,"SELECT NAME, AGE FROM USERS WHERE USER_CODE = 'CODE50'",11.510,0.138,0.012,IMPROVEMENT
2026-09-14T03:11:49.7562986,SubqueriesTest,complex subquery in column where group by having,"SELECT (SELECT NAME FROM USERS WHERE ID = u.ID LIMIT 1) AS user_name, COUNT(*) AS user_count FROM USERS u WHERE AGE > (SELECT AGE FROM USERS WHERE ID = 50 LIMIT 1) GROUP BY (SELECT NAME FROM USERS WHERE ID = u.ID LIMIT 1) HAVING COUNT(*) > (SELECT ID FROM USERS WHERE ID = 1 LIMIT 1) LIMIT 10",250.660,70.908,0.283,IMPROVEMENT
2026-09-14T03:31:32.7800378,AdvancedTest,simple select by primary key,"SELECT ID, NAME FROM USERS WHERE ID = 50",12.340,0.104,0.008,IMPROVEMENT
2026-09-14T03:31:32.7840471,AliasesTest,complex select min max avg with join and group by,"SELECT u.NAME userName, t.TRANS_DATE transDate, MIN(u.AGE) minAge, MAX(u.AGE) maxAge, AVG(u.AGE) avgAge FROM USERS u INNER JOIN TRANSACTIONS t ON u.ID = t.USER_ID GROUP BY userName, transDate ORDER BY transDate DESC",59.990,1.732,0.029,IMPROVEMENT
2026-09-14T03:31:32.7860399,GroupByTest,simple group by sum count,"SELECT NAME, SUM(AGE), COUNT(AGE) FROM USERS GROUP BY NAME",5.280,0.795,0.150,IMPROVEMENT
2026-09-14T03:31:32.789035,GroupByTest,complex group by join string date,"SELECT USERS.NAME, PROFILES.PROFILE_DATE, SUM(USERS.BALANCE), COUNT(USERS.BALANCE) FROM USERS INNER JOIN PROFILES ON USERS.ID = PROFILES.USER_ID GROUP BY USERS.NAME, PROFILES.PROFILE_DATE ORDER BY PROFILES.PROFILE_DATE DESC",37.800,2.244,0.059,IMPROVEMENT
2026-09-14T03:31:32.7920351,InTest,simple in on btree index,"SELECT ID, NAME FROM USERS WHERE AGE IN (50, 51, 52)",9.970,0.112,0.011,IMPROVEMENT
2026-09-14T03:31:32.7950371,JoinTest,simple inner join on primary key,"SELECT USERS.ID, USERS.NAME, USER_DETAILS.INFO FROM USERS INNER JOIN USER_DETAILS ON USERS.ID = USER_DETAILS.USER_ID WHERE USERS.ID IN (50, 51, 52)",32.650,0.856,0.026,IMPROVEMENT
2026-09-14T03:31:32.7980395,LikeTest,simple like on name,"SELECT ID, NAME FROM USERS WHERE NAME LIKE '%er50' AND NAME LIKE '%User50%' AND NAME LIKE 'User50%'",35.730,0.301,0.008,IMPROVEMENT
2026-09-14T03:31:32.7990376,OrderByTest,simple order by age desc,"SELECT ID, AGE FROM USERS ORDER BY AGE DESC",4.530,0.408,0.090,IMPROVEMENT
2026-09-14T03:31:32.8010331,PerformanceTest,simple select clustered index,"SELECT NAME, AGE FROM USERS WHERE USER_CODE = 'CODE50'",11.510,0.103,0.009,IMPROVEMENT
2026-09-14T03:31:32.8020339,SubqueriesTest,complex subquery in column where group by having,"SELECT (SELECT NAME FROM USERS WHERE ID = u.ID LIMIT 1) AS user_name, COUNT(*) AS user_count FROM USERS u WHERE AGE > (SELECT AGE FROM USERS WHERE ID = 50 LIMIT 1) GROUP BY (SELECT NAME FROM USERS WHERE ID = u.ID LIMIT 1) HAVING COUNT(*) > (SELECT ID FROM USERS WHERE ID = 1 LIMIT 1) LIMIT 10",250.660,51.869,0.207,IMPROVEMENT
2026-09-14T03:35:57.3175228,AdvancedTest,simple select by primary key,"SELECT ID, NAME FROM USERS WHERE ID = 50",12.340,0.102,0.008,IMPROVEMENT
2026-09-14T03:35:57.3195219,AliasesTest,complex select min max avg with join and group by,"SELECT u.NAME userName, t.TRANS_DATE transDate, MIN(u.AGE) minAge, MAX(u.AGE) maxAge, AVG(u.AGE) avgAge FROM USERS u INNER JOIN TRANSACTIONS t ON u.ID = t.USER_ID GROUP BY userName, transDate ORDER BY transDate DESC",59.990,1.176,0.020,IMPROVEMENT
2026-09-14T03:35:57.322527,GroupByTest,simple group by sum count,"SELECT NAME, SUM(AGE), COUNT(AGE) FROM USERS GROUP BY NAME",5.280,0.597,0.113,IMPROVEMENT
2026-09-14T03:35:57.3235227,GroupByTest,complex group by join string date,"SELECT USERS.NAME, PROFILES.PROFILE_DATE, SUM(USERS.BALANCE), COUNT(USERS.BALANCE) FROM USERS INNER JOIN PROFILES ON USERS.ID = PROFILES.USER_ID GROUP BY USERS.NAME, PROFILES.PROFILE_DATE ORDER BY PROFILES.PROFILE_DATE DESC",37.800,1.528,0.040,IMPROVEMENT
2026-09-14T03:35:57.3255276,InTest,simple in on btree index,"SELECT ID, NAME FROM USERS WHERE AGE IN (50, 51, 52)",9.970,0.098,0.010,IMPROVEMENT
2026-09-14T03:35:57.3265233,JoinTest,simple inner join on primary key,"SELECT USERS.ID, USERS.NAME, USER_DETAILS.INFO FROM USERS INNER JOIN USER_DETAILS ON USERS.ID = USER_DETAILS.USER_ID WHERE USERS.ID IN (50, 51, 52)",32.650,0.424,0.013,IMPROVEMENT
2026-09-14T03:35:57.3280375,LikeTest,simple like on name,"SELECT ID, NAME FROM USERS WHERE NAME LIKE '%er50' AND NAME LIKE '%User50%' AND NAME LIKE 'User50%'",35.730,0.199,0.006,IMPROVEMENT
2026-09-14T03:35:57.3290514,OrderByTest,simple order by age desc,"SELECT ID, AGE FROM USERS ORDER BY AGE DESC",4.530,0.520,0.115,IMPROVEMENT
2026-09-14T03:35:57.3300518,PerformanceTest,simple select clustered index,"SELECT NAME, AGE FROM USERS WHERE USER_CODE = 'CODE50'",11.510,0.092,0.008,IMPROVEMENT
2026-09-14T03:35:57.3310474,SubqueriesTest,complex subquery in column where group by having,"SELECT (SELECT NAME FROM USERS WHERE ID = u.ID LIMIT 1) AS user_name, COUNT(*) AS user_count FROM USERS u WHERE AGE > (SELECT AGE FROM USERS WHERE ID = 50 LIMIT 1) GROUP BY (SELECT NAME FROM USERS WHERE ID = u.ID LIMIT 1) HAVING COUNT(*) > (SELECT ID FROM USERS WHERE ID = 1 LIMIT 1) LIMIT 10",250.660,54.375,0.217,IMPROVEMENT
2026-09-14T09:59:40.6824864,AdvancedTest,simple select by primary key,"SELECT ID, NAME FROM USERS WHERE ID = 50",12.340,0.079,0.006,IMPROVEMENT
2026-09-14T09:59:40.6854887,AliasesTest,complex select min max avg with join and group by,"SELECT u.NAME userName, t.TRANS_DATE transDate, MIN(u.AGE) minAge, MAX(u.AGE) maxAge, AVG(u.AGE) avgAge FROM USERS u INNER JOIN TRANSACTIONS t ON u.ID = t.USER_ID GROUP BY userName, transDate ORDER BY transDate DESC",59.990,1.182,0.020,IMPROVEMENT
2026-09-14T09:59:40.6874936,GroupByTest,simple group by sum count,"SELECT NAME, SUM(AGE), COUNT(AGE) FROM USERS GROUP BY NAME",5.280,0.540,0.102,IMPROVEMENT
2026-09-14T09:59:40.6884933,GroupByTest,complex group by join string date,"SELECT USERS.NAME, PROFILES.PROFILE_DATE, SUM(USERS.BALANCE), COUNT(USERS.BALANCE) FROM USERS INNER JOIN PROFILES ON USERS.ID = PROFILES.USER_ID GROUP BY USERS.NAME, PROFILES.PROFILE_DATE ORDER BY PROFILES.PROFILE_DATE DESC",37.800,1.559,0.041,IMPROVEMENT
2026-09-14T09:59:40.6915062,InTest,simple in on btree index,"SELECT ID, NAME FROM USERS WHERE AGE IN (50, 51, 52)",9.970,0.089,0.009,IMPROVEMENT
2026-09-14T09:59:40.695495,JoinTest,simple inner join on primary key,"SELECT USERS.ID, USERS.NAME, USER_DETAILS.INFO FROM USERS INNER JOIN USER_DETAILS ON USERS.ID = USER_DETAILS.USER_ID WHERE USERS.ID IN (50, 51, 52)",32.650,0.792,0.024,IMPROVEMENT
2026-09-14T09:59:40.698494,LikeTest,simple like on name,"SELECT ID, NAME FROM USERS WHERE NAME LIKE '%er50' AND NAME LIKE '%User50%' AND NAME LIKE 'User50%'",35.730,0.222,0.006,IMPROVEMENT
2026-09-14T09:59:40.6994962,OrderByTest,simple order by age desc,"SELECT ID, AGE FROM USERS ORDER BY AGE DESC",4.530,0.310,0.068,IMPROVEMENT
2026-09-14T09:59:40.7005033,PerformanceTest,simple select clustered index,"SELECT NAME, AGE FROM USERS WHERE USER_CODE = 'CODE50'",11.510,0.092,0.008,IMPROVEMENT
2026-09-14T09:59:40.7020051,SubqueriesTest,complex subquery in column where group by having,"SELECT (SELECT NAME FROM USERS WHERE ID = u.ID LIMIT 1) AS user_name, COUNT(*) AS user_count FROM USERS u WHERE AGE > (SELECT AGE FROM USERS WHERE ID = 50 LIMIT 1) GROUP BY (SELECT NAME FROM USERS WHERE ID = u.ID LIMIT 1) HAVING COUNT(*) > (SELECT ID FROM USERS WHERE ID = 1 LIMIT 1) LIMIT 10",250.660,50.854,0.203,IMPROVEMENT
2026-09-14T10:34:22.4499479,AdvancedTest,simple select by primary key,"SELECT ID, NAME FROM USERS WHERE ID = 50",12.340,0.123,0.010,IMPROVEMENT
2026-09-14T10:34:22.4509469,AliasesTest,complex select min max avg with join and group by,"SELECT u.NAME userName, t.TRANS_DATE transDate, MIN(u.AGE) minAge, MAX(u.AGE) maxAge, AVG(u.AGE) avgAge FROM USERS u INNER JOIN TRANSACTIONS t ON u.ID = t.USER_ID GROUP BY userName, transDate ORDER BY transDate DESC",59.990,2.321,0.039,IMPROVEMENT
2026-09-14T10:34:22.4519464,GroupByTest,simple group by sum count,"SELECT NAME, SUM(AGE), COUNT(AGE) FROM USERS GROUP BY NAME",5.280,0.858,0.162,IMPROVEMENT
2026-09-14T10:34:22.4529537,GroupByTest,complex group by join string date,"SELECT USERS.NAME, PROFILES.PROFILE_DATE, SUM(USERS.BALANCE), COUNT(USERS.BALANCE) FROM USERS INNER JOIN PROFILES ON USERS.ID = PROFILES.USER_ID GROUP BY USERS.NAME, PROFILES.PROFILE_DATE ORDER BY PROFILES.PROFILE_DATE DESC",37.800,2.236,0.059,IMPROVEMENT
2026-09-14T10:34:22.4539501,InTest,simple in on btree index,"SELECT ID, NAME FROM USERS WHERE AGE IN (50, 51, 52)",9.970,0.144,0.014,IMPROVEMENT
2026-09-14T10:34:22.454948,JoinTest,simple inner join on primary key,"SELECT USERS.ID, USERS.NAME, USER_DETAILS.INFO FROM USERS INNER JOIN USER_DETAILS ON USERS.ID = USER_DETAILS.USER_ID WHERE USERS.ID IN (50, 51, 52)",32.650,0.909,0.028,IMPROVEMENT
2026-09-14T10:34:22.454948,LikeTest,simple like on name,"SELECT ID, NAME FROM USERS WHERE NAME LIKE '%er50' AND NAME LIKE '%User50%' AND NAME LIKE 'User50%'",35.730,0.733,0.021,IMPROVEMENT
2026-09-14T10:34:22.4569512,OrderByTest,simple order by age desc,"SELECT ID, AGE FROM USERS ORDER BY AGE DESC",4.530,0.724,0.160,IMPROVEMENT
2026-09-14T10:34:22.4579457,PerformanceTest,simple select clustered index,"SELECT NAME, AGE FROM USERS WHERE USER_CODE = 'CODE50'",11.510,0.115,0.010,IMPROVEMENT
2026-09-14T10:34:22.4589515,SubqueriesTest,complex subquery in column where group by having,"SELECT (SELECT NAME FROM USERS WHERE ID = u.ID LIMIT 1) AS user_name, COUNT(*) AS user_count FROM USERS u WHERE AGE > (SELECT AGE FROM USERS WHERE ID = 50 LIMIT 1) GROUP BY (SELECT NAME FROM USERS WHERE ID = u.ID LIMIT 1) HAVING COUNT(*) > (SELECT ID FROM USERS WHERE ID = 1 LIMIT 1) LIMIT 10",250.660,50.714,0.202,IMPROVEMENT
2026-09-14T10:48:30.8173983,AdvancedTest,simple select by primary key,"SELECT ID, NAME FROM USERS WHERE ID = 50",12.340,0.161,0.013,IMPROVEMENT
2026-09-14T10:48:30.8203989,AliasesTest,complex select min max avg with join and group by,"SELECT u.NAME userName, t.TRANS_DATE transDate, MIN(u.AGE) minAge, MAX(u.AGE) maxAge, AVG(u.AGE) avgAge FROM USERS u INNER JOIN TRANSACTIONS t ON u.ID = t.USER_ID GROUP BY userName, transDate ORDER BY transDate DESC",59.990,1.978,0.033,IMPROVEMENT
2026-09-14T10:48:30.8213998,GroupByTest,simple group by sum count,"SELECT NAME, SUM(AGE), COUNT(AGE) FROM USERS GROUP BY NAME",5.280,0.729,0.138,IMPROVEMENT
2026-09-14T10:48:30.8223997,GroupByTest,complex group by join string date,"SELECT USERS.NAME, PROFILES.PROFILE_DATE, SUM(USERS.BALANCE), COUNT(USERS.BALANCE) FROM USERS INNER JOIN PROFILES ON USERS.ID = PROFILES.USER_ID GROUP BY USERS.NAME, PROFILES.PROFILE_DATE ORDER BY PROFILES.PROFILE_DATE DESC",37.800,2.330,0.062,IMPROVEMENT
2026-09-14T10:48:30.8234019,InTest,simple in on btree index,"SELECT ID, NAME FROM USERS WHERE AGE IN (50, 51, 52)",9.970,0.223,0.022,IMPROVEMENT
2026-09-14T10:48:30.8244087,JoinTest,simple inner join on primary key,"SELECT USERS.ID, USERS.NAME, USER_DETAILS.INFO FROM USERS INNER JOIN USER_DETAILS ON USERS.ID = USER_DETAILS.USER_ID WHERE USERS.ID IN (50, 51, 52)",32.650,0.973,0.030,IMPROVEMENT
2026-09-14T10:48:30.8253994,LikeTest,simple like on name,"SELECT ID, NAME FROM USERS WHERE NAME LIKE '%er50' AND NAME LIKE '%User50%' AND NAME LIKE 'User50%'",35.730,0.352,0.010,IMPROVEMENT
2026-09-14T10:48:30.8263991,OrderByTest,simple order by age desc,"SELECT ID, AGE FROM USERS ORDER BY AGE DESC",4.530,0.714,0.158,IMPROVEMENT
2026-09-14T10:48:30.8263991,PerformanceTest,simple select clustered index,"SELECT NAME, AGE FROM USERS WHERE USER_CODE = 'CODE50'",11.510,0.118,0.010,IMPROVEMENT
2026-09-14T10:48:30.827398,SubqueriesTest,complex subquery in column where group by having,"SELECT (SELECT NAME FROM USERS WHERE ID = u.ID LIMIT 1) AS user_name, COUNT(*) AS user_count FROM USERS u WHERE AGE > (SELECT AGE FROM USERS WHERE ID = 50 LIMIT 1) GROUP BY (SELECT NAME FROM USERS WHERE ID = u.ID LIMIT 1) HAVING COUNT(*) > (SELECT ID FROM USERS WHERE ID = 1 LIMIT 1) LIMIT 10",250.660,52.751,0.210,IMPROVEMENT
2026-09-14T10:57:35.1490555,AdvancedTest,simple select by primary key,"SELECT ID, NAME FROM USERS WHERE ID = 50",12.340,0.129,0.010,IMPROVEMENT
2026-09-14T10:57:35.1510566,AliasesTest,complex select min max avg with join and group by,"SELECT u.NAME userName, t.TRANS_DATE transDate, MIN(u.AGE) minAge, MAX(u.AGE) maxAge, AVG(u.AGE) avgAge FROM USERS u INNER JOIN TRANSACTIONS t ON u.ID = t.USER_ID GROUP BY userName, transDate ORDER BY transDate DESC",59.990,1.639,0.027,IMPROVEMENT
2026-09-14T10:57:35.1520594,GroupByTest,simple group by sum count,"SELECT NAME, SUM(AGE), COUNT(AGE) FROM USERS GROUP BY NAME",5.280,0.688,0.130,IMPROVEMENT
2026-09-14T10:57:35.1540588,GroupByTest,complex group by join string date,"SELECT USERS.NAME, PROFILES.PROFILE_DATE, SUM(USERS.BALANCE), COUNT(USERS.BALANCE) FROM USERS INNER JOIN PROFILES ON USERS.ID = PROFILES.USER_ID GROUP BY USERS.NAME, PROFILES.PROFILE_DATE ORDER BY PROFILES.PROFILE_DATE DESC",37.800,2.081,0.055,IMPROVEMENT
2026-09-14T10:57:35.1550563,InTest,simple in on btree index,"SELECT ID, NAME FROM USERS WHERE AGE IN (50, 51, 52)",9.970,0.130,0.013,IMPROVEMENT
2026-09-14T10:57:35.156058,JoinTest,simple inner join on primary key,"SELECT USERS.ID, USERS.NAME, USER_DETAILS.INFO FROM USERS INNER JOIN USER_DETAILS ON USERS.ID = USER_DETAILS.USER_ID WHERE USERS.ID IN (50, 51, 52)",32.650,0.724,0.022,IMPROVEMENT
2026-09-14T10:57:35.1570589,LikeTest,simple like on name,"SELECT ID, NAME FROM USERS WHERE NAME LIKE '%er50' AND NAME LIKE '%User50%' AND NAME LIKE 'User50%'",35.730,0.280,0.008,IMPROVEMENT
2026-09-14T10:57:35.1580548,OrderByTest,simple order by age desc,"SELECT ID, AGE FROM USERS ORDER BY AGE DESC",4.530,0.505,0.112,IMPROVEMENT
2026-09-14T10:57:35.1590582,PerformanceTest,simple select clustered index,"SELECT NAME, AGE FROM USERS WHERE USER_CODE = 'CODE50'",11.510,0.111,0.010,IMPROVEMENT
2026-09-14T10:57:35.160058,SubqueriesTest,complex subquery in column where group by having,"SELECT (SELECT NAME FROM USERS WHERE ID = u.ID LIMIT 1) AS user_name, COUNT(*) AS user_count FROM USERS u WHERE AGE > (SELECT AGE FROM USERS WHERE ID = 50 LIMIT 1) GROUP BY (SELECT NAME FROM USERS WHERE ID = u.ID LIMIT 1) HAVING COUNT(*) > (SELECT ID FROM USERS WHERE ID = 1 LIMIT 1) LIMIT 10",250.660,52.847,0.211,IMPROVEMENT
2026-09-14T11:25:48.5530907,AdvancedTest,simple select by primary key,"SELECT ID, NAME FROM USERS WHERE ID = 50",12.340,0.532,0.043,IMPROVEMENT
2026-09-14T11:25:48.5628783,AliasesTest,complex select min max avg with join and group by,"SELECT u.NAME userName, t.TRANS_DATE transDate, MIN(u.AGE) minAge, MAX(u.AGE) maxAge, AVG(u.AGE) avgAge FROM USERS u INNER JOIN TRANSACTIONS t ON u.ID = t.USER_ID GROUP BY userName, transDate ORDER BY transDate DESC",59.990,1.528,0.025,IMPROVEMENT
2026-09-14T11:25:48.5642688,GroupByTest,simple group by sum count,"SELECT NAME, SUM(AGE), COUNT(AGE) FROM USERS GROUP BY NAME",5.280,1.688,0.320,IMPROVEMENT
2026-09-14T11:25:48.5652668,GroupByTest,complex group by join string date,"SELECT USERS.NAME, PROFILES.PROFILE_DATE, SUM(USERS.BALANCE), COUNT(USERS.BALANCE) FROM USERS INNER JOIN PROFILES ON USERS.ID = PROFILES.USER_ID GROUP BY USERS.NAME, PROFILES.PROFILE_DATE ORDER BY PROFILES.PROFILE_DATE DESC",37.800,3.776,0.100,IMPROVEMENT
2026-09-14T11:25:48.5672592,InTest,simple in on btree index,"SELECT ID, NAME FROM USERS WHERE AGE IN (50, 51, 52)",9.970,0.287,0.029,IMPROVEMENT
2026-09-14T11:25:48.5682553,JoinTest,simple inner join on primary key,"SELECT USERS.ID, USERS.NAME, USER_DETAILS.INFO FROM USERS INNER JOIN USER_DETAILS ON USERS.ID = USER_DETAILS.USER_ID WHERE USERS.ID IN (50, 51, 52)",32.650,1.325,0.041,IMPROVEMENT
2026-09-14T11:25:48.5702482,LikeTest,simple like on name,"SELECT ID, NAME FROM USERS WHERE NAME LIKE '%er50' AND NAME LIKE '%User50%' AND NAME LIKE 'User50%'",35.730,0.670,0.019,IMPROVEMENT
2026-09-14T11:25:48.5736775,OrderByTest,simple order by age desc,"SELECT ID, AGE FROM USERS ORDER BY AGE DESC",4.530,0.777,0.171,IMPROVEMENT
2026-09-14T11:25:48.5776947,PerformanceTest,simple select clustered index,"SELECT NAME, AGE FROM USERS WHERE USER_CODE = 'CODE50'",11.510,0.478,0.042,IMPROVEMENT
2026-09-14T11:25:48.5797008,SubqueriesTest,complex subquery in column where group by having,"SELECT (SELECT NAME FROM USERS WHERE ID = u.ID LIMIT 1) AS user_name, COUNT(*) AS user_count FROM USERS u WHERE AGE > (SELECT AGE FROM USERS WHERE ID = 50 LIMIT 1) GROUP BY (SELECT NAME FROM USERS WHERE ID = u.ID LIMIT 1) HAVING COUNT(*) > (SELECT ID FROM USERS WHERE ID = 1 LIMIT 1) LIMIT 10",250.660,157.680,0.629,IMPROVEMENT
2026-09-14T12:23:40.2952305,AdvancedTest,simple select by primary key,"SELECT ID, NAME FROM USERS WHERE ID = 50",12.340,0.361,0.029,IMPROVEMENT
2026-09-14T12:23:40.2993274,AliasesTest,complex select min max avg with join and group by,"SELECT u.NAME userName, t.TRANS_DATE transDate, MIN(u.AGE) minAge, MAX(u.AGE) maxAge, AVG(u.AGE) avgAge FROM USERS u INNER JOIN TRANSACTIONS t ON u.ID = t.USER_ID GROUP BY userName, transDate ORDER BY transDate DESC",59.990,4.026,0.067,IMPROVEMENT
2026-09-14T12:23:40.3045263,GroupByTest,simple group by sum count,"SELECT NAME, SUM(AGE), COUNT(AGE) FROM USERS GROUP BY NAME",5.280,1.482,0.281,IMPROVEMENT
2026-09-14T12:23:40.311909,GroupByTest,complex group by join string date,"SELECT USERS.NAME, PROFILES.PROFILE_DATE, SUM(USERS.BALANCE), COUNT(USERS.BALANCE) FROM USERS INNER JOIN PROFILES ON USERS.ID = PROFILES.USER_ID GROUP BY USERS.NAME, PROFILES.PROFILE_DATE ORDER BY PROFILES.PROFILE_DATE DESC",37.800,3.084,0.082,IMPROVEMENT
2026-09-14T12:23:40.311909,InTest,simple in on btree index,"SELECT ID, NAME FROM USERS WHERE AGE IN (50, 51, 52)",9.970,0.304,0.031,IMPROVEMENT
2026-09-14T12:23:40.3159272,JoinTest,simple inner join on primary key,"SELECT USERS.ID, USERS.NAME, USER_DETAILS.INFO FROM USERS INNER JOIN USER_DETAILS ON USERS.ID = USER_DETAILS.USER_ID WHERE USERS.ID IN (50, 51, 52)",32.650,1.365,0.042,IMPROVEMENT
2026-09-14T12:23:40.3179349,LikeTest,simple like on name,"SELECT ID, NAME FROM USERS WHERE NAME LIKE '%er50' AND NAME LIKE '%User50%' AND NAME LIKE 'User50%'",35.730,0.624,0.017,IMPROVEMENT
2026-09-14T12:23:40.3199432,OrderByTest,simple order by age desc,"SELECT ID, AGE FROM USERS ORDER BY AGE DESC",4.530,5.210,1.150,OK
2026-09-14T12:23:40.3219514,PerformanceTest,simple select clustered index,"SELECT NAME, AGE FROM USERS WHERE USER_CODE = 'CODE50'",11.510,0.261,0.023,IMPROVEMENT
2026-09-14T12:23:40.324798,SubqueriesTest,complex subquery in column where group by having,"SELECT (SELECT NAME FROM USERS WHERE ID = u.ID LIMIT 1) AS user_name, COUNT(*) AS user_count FROM USERS u WHERE AGE > (SELECT AGE FROM USERS WHERE ID = 50 LIMIT 1) GROUP BY (SELECT NAME FROM USERS WHERE ID = u.ID LIMIT 1) HAVING COUNT(*) > (SELECT ID FROM USERS WHERE ID = 1 LIMIT 1) LIMIT 10",250.660,122.462,0.489,IMPROVEMENT
2026-09-14T12:26:21.638254,AdvancedTest,simple select by primary key,"SELECT ID, NAME FROM USERS WHERE ID = 50",12.340,0.548,0.044,IMPROVEMENT
2026-09-14T12:26:21.638254,AliasesTest,complex select min max avg with join and group by,"SELECT u.NAME userName, t.TRANS_DATE transDate, MIN(u.AGE) minAge, MAX(u.AGE) maxAge, AVG(u.AGE) avgAge FROM USERS u INNER JOIN TRANSACTIONS t ON u.ID = t.USER_ID GROUP BY userName, transDate ORDER BY transDate DESC",59.990,3.285,0.055,IMPROVEMENT
2026-09-14T12:26:21.650851,GroupByTest,simple group by sum count,"SELECT NAME, SUM(AGE), COUNT(AGE) FROM USERS GROUP BY NAME",5.280,0.931,0.176,IMPROVEMENT
2026-09-14T12:26:21.6528594,GroupByTest,complex group by join string date,"SELECT USERS.NAME, PROFILES.PROFILE_DATE, SUM(USERS.BALANCE), COUNT(USERS.BALANCE) FROM USERS INNER JOIN PROFILES ON USERS.ID = PROFILES.USER_ID GROUP BY USERS.NAME, PROFILES.PROFILE_DATE ORDER BY PROFILES.PROFILE_DATE DESC",37.800,2.758,0.073,IMPROVEMENT
2026-09-14T12:26:21.6543676,InTest,simple in on btree index,"SELECT ID, NAME FROM USERS WHERE AGE IN (50, 51, 52)",9.970,0.234,0.023,IMPROVEMENT
2026-09-14T12:26:21.6543676,JoinTest,simple inner join on primary key,"SELECT USERS.ID, USERS.NAME, USER_DETAILS.INFO FROM USERS INNER JOIN USER_DETAILS ON USERS.ID = USER_DETAILS.USER_ID WHERE USERS.ID IN (50, 51, 52)",32.650,1.245,0.038,IMPROVEMENT
2026-09-14T12:26:21.6543676,LikeTest,simple like on name,"SELECT ID, NAME FROM USERS WHERE NAME LIKE '%er50' AND NAME LIKE '%User50%' AND NAME LIKE 'User50%'",35.730,1.040,0.029,IMPROVEMENT
2026-09-14T12:26:21.6543676,OrderByTest,simple order by age desc,"SELECT ID, AGE FROM USERS ORDER BY AGE DESC",4.530,1.636,0.361,IMPROVEMENT
2026-09-14T12:26:21.6543676,PerformanceTest,simple select clustered index,"SELECT NAME, AGE FROM USERS WHERE USER_CODE = 'CODE50'",11.510,0.292,0.025,IMPROVEMENT
2026-09-14T12:26:21.6601043,SubqueriesTest,complex subquery in column where group by having,"SELECT (SELECT NAME FROM USERS WHERE ID = u.ID LIMIT 1) AS user_name, COUNT(*) AS user_count FROM USERS u WHERE AGE > (SELECT AGE FROM USERS WHERE ID = 50 LIMIT 1) GROUP BY (SELECT NAME FROM USERS WHERE ID = u.ID LIMIT 1) HAVING COUNT(*) > (SELECT ID FROM USERS WHERE ID = 1 LIMIT 1) LIMIT 10",250.660,71.306,0.284,IMPROVEMENT
2026-09-14T13:39:15.643724,AdvancedTest,simple select by primary key,"SELECT ID, NAME FROM USERS WHERE ID = 50",12.340,0.417,0.034,IMPROVEMENT
2026-09-14T13:39:15.6467106,AliasesTest,complex select min max avg with join and group by,"SELECT u.NAME userName, t.TRANS_DATE transDate, MIN(u.AGE) minAge, MAX(u.AGE) maxAge, AVG(u.AGE) avgAge FROM USERS u INNER JOIN TRANSACTIONS t ON u.ID = t.USER_ID GROUP BY userName, transDate ORDER BY transDate DESC",59.990,3.545,0.059,IMPROVEMENT
2026-09-14T13:39:15.648704,GroupByTest,simple group by sum count,"SELECT NAME, SUM(AGE), COUNT(AGE) FROM USERS GROUP BY NAME",5.280,1.478,0.280,IMPROVEMENT
2026-09-14T13:39:15.6497006,GroupByTest,complex group by join string date,"SELECT USERS.NAME, PROFILES.PROFILE_DATE, SUM(USERS.BALANCE), COUNT(USERS.BALANCE) FROM USERS INNER JOIN PROFILES ON USERS.ID = PROFILES.USER_ID GROUP BY USERS.NAME, PROFILES.PROFILE_DATE ORDER BY PROFILES.PROFILE_DATE DESC",37.800,3.522,0.093,IMPROVEMENT
2026-09-14T13:39:15.6506961,InTest,simple in on btree index,"SELECT ID, NAME FROM USERS WHERE AGE IN (50, 51, 52)",9.970,0.373,0.037,IMPROVEMENT
2026-09-14T13:39:15.6526907,JoinTest,simple inner join on primary key,"SELECT USERS.ID, USERS.NAME, USER_DETAILS.INFO FROM USERS INNER JOIN USER_DETAILS ON USERS.ID = USER_DETAILS.USER_ID WHERE USERS.ID IN (50, 51, 52)",32.650,1.544,0.047,IMPROVEMENT
2026-09-14T13:39:15.6576755,LikeTest,simple like on name,"SELECT ID, NAME FROM USERS WHERE NAME LIKE '%er50' AND NAME LIKE '%User50%' AND NAME LIKE 'User50%'",35.730,0.721,0.020,IMPROVEMENT
2026-09-14T13:39:15.6586695,OrderByTest,simple order by age desc,"SELECT ID, AGE FROM USERS ORDER BY AGE DESC",4.530,0.815,0.180,IMPROVEMENT
2026-09-14T13:39:15.6596691,PerformanceTest,simple select clustered index,"SELECT NAME, AGE FROM USERS WHERE USER_CODE = 'CODE50'",11.510,0.276,0.024,IMPROVEMENT
2026-09-14T13:39:15.6616639,SubqueriesTest,complex subquery in column where group by having,"SELECT (SELECT NAME FROM USERS WHERE ID = u.ID LIMIT 1) AS user_name, COUNT(*) AS user_count FROM USERS u WHERE AGE > (SELECT AGE FROM USERS WHERE ID = 50 LIMIT 1) GROUP BY (SELECT NAME FROM USERS WHERE ID = u.ID LIMIT 1) HAVING COUNT(*) > (SELECT ID FROM USERS WHERE ID = 1 LIMIT 1) LIMIT 10",250.660,86.207,0.344,IMPROVEMENT
2026-09-14T13:42:39.9119817,AdvancedTest,simple select by primary key,"SELECT ID, NAME FROM USERS WHERE ID = 50",12.340,0.468,0.038,IMPROVEMENT
2026-09-14T13:42:39.9139863,AliasesTest,complex select min max avg with join and group by,"SELECT u.NAME userName, t.TRANS_DATE transDate, MIN(u.AGE) minAge, MAX(u.AGE) maxAge, AVG(u.AGE) avgAge FROM USERS u INNER JOIN TRANSACTIONS t ON u.ID = t.USER_ID GROUP BY userName, transDate ORDER BY transDate DESC",59.990,12.282,0.205,IMPROVEMENT
2026-09-14T13:42:39.9159909,GroupByTest,simple group by sum count,"SELECT NAME, SUM(AGE), COUNT(AGE) FROM USERS GROUP BY NAME",5.280,1.615,0.306,IMPROVEMENT
2026-09-14T13:42:39.9159909,GroupByTest,complex group by join string date,"SELECT USERS.NAME, PROFILES.PROFILE_DATE, SUM(USERS.BALANCE), COUNT(USERS.BALANCE) FROM USERS INNER JOIN PROFILES ON USERS.ID = PROFILES.USER_ID GROUP BY USERS.NAME, PROFILES.PROFILE_DATE ORDER BY PROFILES.PROFILE_DATE DESC",37.800,14.234,0.377,IMPROVEMENT
2026-09-14T13:42:39.9217232,InTest,simple in on btree index,"SELECT ID, NAME FROM USERS WHERE AGE IN (50, 51, 52)",9.970,0.308,0.031,IMPROVEMENT
2026-09-14T13:42:39.9351428,JoinTest,simple inner join on primary key,"SELECT USERS.ID, USERS.NAME, USER_DETAILS.INFO FROM USERS INNER JOIN USER_DETAILS ON USERS.ID = USER_DETAILS.USER_ID WHERE USERS.ID IN (50, 51, 52)",32.650,1.362,0.042,IMPROVEMENT
2026-09-14T13:42:39.9377568,LikeTest,simple like on name,"SELECT ID, NAME FROM USERS WHERE NAME LIKE '%er50' AND NAME LIKE '%User50%' AND NAME LIKE 'User50%'",35.730,0.520,0.015,IMPROVEMENT
2026-09-14T13:42:39.9397659,OrderByTest,simple order by age desc,"SELECT ID, AGE FROM USERS ORDER BY AGE DESC",4.530,0.535,0.118,IMPROVEMENT
2026-09-14T13:42:39.9417777,PerformanceTest,simple select clustered index,"SELECT NAME, AGE FROM USERS WHERE USER_CODE = 'CODE50'",11.510,0.230,0.020,IMPROVEMENT
2026-09-14T13:42:39.9437903,SubqueriesTest,complex subquery in column where group by having,"SELECT (SELECT NAME FROM USERS WHERE ID = u.ID LIMIT 1) AS user_name, COUNT(*) AS user_count FROM USERS u WHERE AGE > (SELECT AGE FROM USERS WHERE ID = 50 LIMIT 1) GROUP BY (SELECT NAME FROM USERS WHERE ID = u.ID LIMIT 1) HAVING COUNT(*) > (SELECT ID FROM USERS WHERE ID = 1 LIMIT 1) LIMIT 10",250.660,131.401,0.524,IMPROVEMENT
2026-09-14T14:48:31.0680006,AdvancedTest,simple select by primary key,"SELECT ID, NAME FROM USERS WHERE ID = 50",12.340,0.292,0.024,IMPROVEMENT
2026-09-14T14:48:31.0805827,AliasesTest,complex select min max avg with join and group by,"SELECT u.NAME userName, t.TRANS_DATE transDate, MIN(u.AGE) minAge, MAX(u.AGE) maxAge, AVG(u.AGE) avgAge FROM USERS u INNER JOIN TRANSACTIONS t ON u.ID = t.USER_ID GROUP BY userName, transDate ORDER BY transDate DESC",59.990,2.826,0.047,IMPROVEMENT
2026-09-14T14:48:31.0870451,GroupByTest,simple group by sum count,"SELECT NAME, SUM(AGE), COUNT(AGE) FROM USERS GROUP BY NAME",5.280,1.148,0.217,IMPROVEMENT
2026-09-14T14:48:31.0870451,GroupByTest,complex group by join string date,"SELECT USERS.NAME, PROFILES.PROFILE_DATE, SUM(USERS.BALANCE), COUNT(USERS.BALANCE) FROM USERS INNER JOIN PROFILES ON USERS.ID = PROFILES.USER_ID GROUP BY USERS.NAME, PROFILES.PROFILE_DATE ORDER BY PROFILES.PROFILE_DATE DESC",37.800,2.541,0.067,IMPROVEMENT
2026-09-14T14:48:31.089051,InTest,simple in on btree index,"SELECT ID, NAME FROM USERS WHERE AGE IN (50, 51, 52)",9.970,0.261,0.026,IMPROVEMENT
2026-09-14T14:48:31.0910587,JoinTest,simple inner join on primary key,"SELECT USERS.ID, USERS.NAME, USER_DETAILS.INFO FROM USERS INNER JOIN USER_DETAILS ON USERS.ID = USER_DETAILS.USER_ID WHERE USERS.ID IN (50, 51, 52)",32.650,1.307,0.040,IMPROVEMENT
2026-09-14T14:48:31.0910587,LikeTest,simple like on name,"SELECT ID, NAME FROM USERS WHERE NAME LIKE '%er50' AND NAME LIKE '%User50%' AND NAME LIKE 'User50%'",35.730,0.763,0.021,IMPROVEMENT
2026-09-14T14:48:31.0910587,OrderByTest,simple order by age desc,"SELECT ID, AGE FROM USERS ORDER BY AGE DESC",4.530,0.862,0.190,IMPROVEMENT
2026-09-14T14:48:31.093742,PerformanceTest,simple select clustered index,"SELECT NAME, AGE FROM USERS WHERE USER_CODE = 'CODE50'",11.510,0.348,0.030,IMPROVEMENT
2026-09-14T14:48:31.093742,SubqueriesTest,complex subquery in column where group by having,"SELECT (SELECT NAME FROM USERS WHERE ID = u.ID LIMIT 1) AS user_name, COUNT(*) AS user_count FROM USERS u WHERE AGE > (SELECT AGE FROM USERS WHERE ID = 50 LIMIT 1) GROUP BY (SELECT NAME FROM USERS WHERE ID = u.ID LIMIT 1) HAVING COUNT(*) > (SELECT ID FROM USERS WHERE ID = 1 LIMIT 1) LIMIT 10",250.660,90.350,0.360,IMPROVEMENT
2026-09-14T14:53:14.4721908,AdvancedTest,simple select by primary key,"SELECT ID, NAME FROM USERS WHERE ID = 50",12.340,0.386,0.031,IMPROVEMENT
2026-09-14T14:53:14.4776546,AliasesTest,complex select min max avg with join and group by,"SELECT u.NAME userName, t.TRANS_DATE transDate, MIN(u.AGE) minAge, MAX(u.AGE) maxAge, AVG(u.AGE) avgAge FROM USERS u INNER JOIN TRANSACTIONS t ON u.ID = t.USER_ID GROUP BY userName, transDate ORDER BY transDate DESC",59.990,3.474,0.058,IMPROVEMENT
2026-09-14T14:53:14.4806102,GroupByTest,simple group by sum count,"SELECT NAME, SUM(AGE), COUNT(AGE) FROM USERS GROUP BY NAME",5.280,1.366,0.259,IMPROVEMENT
2026-09-14T14:53:14.4826225,GroupByTest,complex group by join string date,"SELECT USERS.NAME, PROFILES.PROFILE_DATE, SUM(USERS.BALANCE), COUNT(USERS.BALANCE) FROM USERS INNER JOIN PROFILES ON USERS.ID = PROFILES.USER_ID GROUP BY USERS.NAME, PROFILES.PROFILE_DATE ORDER BY PROFILES.PROFILE_DATE DESC",37.800,2.978,0.079,IMPROVEMENT
2026-09-14T14:53:14.484633,InTest,simple in on btree index,"SELECT ID, NAME FROM USERS WHERE AGE IN (50, 51, 52)",9.970,0.575,0.058,IMPROVEMENT
2026-09-14T14:53:14.486641,JoinTest,simple inner join on primary key,"SELECT USERS.ID, USERS.NAME, USER_DETAILS.INFO FROM USERS INNER JOIN USER_DETAILS ON USERS.ID = USER_DETAILS.USER_ID WHERE USERS.ID IN (50, 51, 52)",32.650,1.561,0.048,IMPROVEMENT
2026-09-14T14:53:14.4881215,LikeTest,simple like on name,"SELECT ID, NAME FROM USERS WHERE NAME LIKE '%er50' AND NAME LIKE '%User50%' AND NAME LIKE 'User50%'",35.730,1.187,0.033,IMPROVEMENT
2026-09-14T14:53:14.4901144,OrderByTest,simple order by age desc,"SELECT ID, AGE FROM USERS ORDER BY AGE DESC",4.530,0.866,0.191,IMPROVEMENT
2026-09-14T14:53:14.4911124,PerformanceTest,simple select clustered index,"SELECT NAME, AGE FROM USERS WHERE USER_CODE = 'CODE50'",11.510,0.264,0.023,IMPROVEMENT
2026-09-14T14:53:14.4921072,SubqueriesTest,complex subquery in column where group by having,"SELECT (SELECT NAME FROM USERS WHERE ID = u.ID LIMIT 1) AS user_name, COUNT(*) AS user_count FROM USERS u WHERE AGE > (SELECT AGE FROM USERS WHERE ID = 50 LIMIT 1) GROUP BY (SELECT NAME FROM USERS WHERE ID = u.ID LIMIT 1) HAVING COUNT(*) > (SELECT ID FROM USERS WHERE ID = 1 LIMIT 1) LIMIT 10",250.660,98.605,0.393,IMPROVEMENT
2026-09-14T14:56:47.2506147,AdvancedTest,simple select by primary key,"SELECT ID, NAME FROM USERS WHERE ID = 50",12.340,0.369,0.030,IMPROVEMENT
2026-09-14T14:56:47.252626,AliasesTest,complex select min max avg with join and group by,"SELECT u.NAME userName, t.TRANS_DATE transDate, MIN(u.AGE) minAge, MAX(u.AGE) maxAge, AVG(u.AGE) avgAge FROM USERS u INNER JOIN TRANSACTIONS t ON u.ID = t.USER_ID GROUP BY userName, transDate ORDER BY transDate DESC",59.990,3.405,0.057,IMPROVEMENT
2026-09-14T14:56:47.2546373,GroupByTest,simple group by sum count,"SELECT NAME, SUM(AGE), COUNT(AGE) FROM USERS GROUP BY NAME",5.280,1.146,0.217,IMPROVEMENT
2026-09-14T14:56:47.2566472,GroupByTest,complex group by join string date,"SELECT USERS.NAME, PROFILES.PROFILE_DATE, SUM(USERS.BALANCE), COUNT(USERS.BALANCE) FROM USERS INNER JOIN PROFILES ON USERS.ID = PROFILES.USER_ID GROUP BY USERS.NAME, PROFILES.PROFILE_DATE ORDER BY PROFILES.PROFILE_DATE DESC",37.800,2.941,0.078,IMPROVEMENT
2026-09-14T14:56:47.2586578,InTest,simple in on btree index,"SELECT ID, NAME FROM USERS WHERE AGE IN (50, 51, 52)",9.970,0.289,0.029,IMPROVEMENT
2026-09-14T14:56:47.260404,JoinTest,simple inner join on primary key,"SELECT USERS.ID, USERS.NAME, USER_DETAILS.INFO FROM USERS INNER JOIN USER_DETAILS ON USERS.ID = USER_DETAILS.USER_ID WHERE USERS.ID IN (50, 51, 52)",32.650,1.228,0.038,IMPROVEMENT
2026-09-14T14:56:47.2624136,LikeTest,simple like on name,"SELECT ID, NAME FROM USERS WHERE NAME LIKE '%er50' AND NAME LIKE '%User50%' AND NAME LIKE 'User50%'",35.730,0.709,0.020,IMPROVEMENT
2026-09-14T14:56:47.2624136,OrderByTest,simple order by age desc,"SELECT ID, AGE FROM USERS ORDER BY AGE DESC",4.530,1.635,0.361,IMPROVEMENT
2026-09-14T14:56:47.2644229,PerformanceTest,simple select clustered index,"SELECT NAME, AGE FROM USERS WHERE USER_CODE = 'CODE50'",11.510,0.638,0.055,IMPROVEMENT
2026-09-14T14:56:47.2664308,SubqueriesTest,complex subquery in column where group by having,"SELECT (SELECT NAME FROM USERS WHERE ID = u.ID LIMIT 1) AS user_name, COUNT(*) AS user_count FROM USERS u WHERE AGE > (SELECT AGE FROM USERS WHERE ID = 50 LIMIT 1) GROUP BY (SELECT NAME FROM USERS WHERE ID = u.ID LIMIT 1) HAVING COUNT(*) > (SELECT ID FROM USERS WHERE ID = 1 LIMIT 1) LIMIT 10",250.660,80.379,0.321,IMPROVEMENT
2026-09-14T14:59:24.9229012,AdvancedTest,simple select by primary key,"SELECT ID, NAME FROM USERS WHERE ID = 50",12.340,0.321,0.026,IMPROVEMENT
2026-09-14T14:59:24.9305698,AliasesTest,complex select min max avg with join and group by,"SELECT u.NAME userName, t.TRANS_DATE transDate, MIN(u.AGE) minAge, MAX(u.AGE) maxAge, AVG(u.AGE) avgAge FROM USERS u INNER JOIN TRANSACTIONS t ON u.ID = t.USER_ID GROUP BY userName, transDate ORDER BY transDate DESC",59.990,3.476,0.058,IMPROVEMENT
2026-09-14T14:59:24.9325785,GroupByTest,simple group by sum count,"SELECT NAME, SUM(AGE), COUNT(AGE) FROM USERS GROUP BY NAME",5.280,1.375,0.260,IMPROVEMENT
2026-09-14T14:59:24.9345902,GroupByTest,complex group by join string date,"SELECT USERS.NAME, PROFILES.PROFILE_DATE, SUM(USERS.BALANCE), COUNT(USERS.BALANCE) FROM USERS INNER JOIN PROFILES ON USERS.ID = PROFILES.USER_ID GROUP BY USERS.NAME, PROFILES.PROFILE_DATE ORDER BY PROFILES.PROFILE_DATE DESC",37.800,3.043,0.081,IMPROVEMENT
2026-09-14T14:59:24.9345902,InTest,simple in on btree index,"SELECT ID, NAME FROM USERS WHERE AGE IN (50, 51, 52)",9.970,0.380,0.038,IMPROVEMENT
2026-09-14T14:59:24.9365991,JoinTest,simple inner join on primary key,"SELECT USERS.ID, USERS.NAME, USER_DETAILS.INFO FROM USERS INNER JOIN USER_DETAILS ON USERS.ID = USER_DETAILS.USER_ID WHERE USERS.ID IN (50, 51, 52)",32.650,1.255,0.038,IMPROVEMENT
2026-09-14T14:59:24.9386091,LikeTest,simple like on name,"SELECT ID, NAME FROM USERS WHERE NAME LIKE '%er50' AND NAME LIKE '%User50%' AND NAME LIKE 'User50%'",35.730,0.563,0.016,IMPROVEMENT
2026-09-14T14:59:24.9386091,OrderByTest,simple order by age desc,"SELECT ID, AGE FROM USERS ORDER BY AGE DESC",4.530,1.091,0.241,IMPROVEMENT
2026-09-14T14:59:24.9406174,PerformanceTest,simple select clustered index,"SELECT NAME, AGE FROM USERS WHERE USER_CODE = 'CODE50'",11.510,0.316,0.027,IMPROVEMENT
2026-09-14T14:59:24.9426232,SubqueriesTest,complex subquery in column where group by having,"SELECT (SELECT NAME FROM USERS WHERE ID = u.ID LIMIT 1) AS user_name, COUNT(*) AS user_count FROM USERS u WHERE AGE > (SELECT AGE FROM USERS WHERE ID = 50 LIMIT 1) GROUP BY (SELECT NAME FROM USERS WHERE ID = u.ID LIMIT 1) HAVING COUNT(*) > (SELECT ID FROM USERS WHERE ID = 1 LIMIT 1) LIMIT 10",250.660,89.938,0.359,IMPROVEMENT
